name,symbol,country,exchange,sector
UK Commercial Property REIT Ltd. ,ukcm,united kingdom,xlon,closed-end funds
UK Oil & Gas PLC ,ukog,united kingdom,xlon,oil extraction
Ukrproduct Group Ltd. ,ukr,united kingdom,xlon,food products
Ulaslar Turizm Yatirimlari ve Dayanikli Tuketim Mallari Ticaret Pazarlama A.S. ,ulas.e,turkey,xist,hotels
Ulferts International Ltd. ,1711,hong kong,xhkg,home goods retail
Ulima Nitra ,uniq,indonesia,xidx,mining support services
Ulisse Biomed S.p.A. ,ubm,italy,xmil,pharmaceuticals
Ulker Biskuvi Sanayi A.S. ,ulker.e,turkey,xist,food products
Ulker Biskuvi Sanayi A.S. ADR ,uelky,united states,ootc,food products
ULMA Construccion Polska S.A. ,ulm,poland,xwar,building materials/products
ULS Group Inc. ,3798,japan,xjas,computer services
Ulta Beauty Inc. ,0lib,united kingdom,xlon,specialty retail
Ulta Beauty Inc. ,ulta,united states,xnas,specialty retail
Ultima United Ltd. ,uul,australia,xasx,real estate developers
Ultimate Games S.A. ,ulg,poland,xwar,toys & games
Ultimate Sports Inc. ,usps,united states,ootc,sports goods
Ultimovacs ASA ,ulti,norway,xosl,biotechnology
Ultimovacs ASA NOK ,ulti.o,sweden,xsto,biotechnology
Ultra Brands Ltd. ,fllld,united states,ootc,farming
Ultra Brands Ltd. ,ulta,canada,xcnq,farming
Ultra Chip Inc. ,3141,taiwan,roco,semiconductors
Ultra Clean Holdings Inc. ,uctt,united states,xnas,precision products
Ultra Electronics Holdings PLC ,ule,united kingdom,xlon,industrial electronics
Ultra Electronics Holdings PLC ADR ,uehpy,united states,ootc,industrial electronics
Ultra Lithium Inc. ,ult,canada,xtsx,gold
Ultra Lithium Inc. ,ultxf,united states,ootc,gold
Ultra Wiring Connectivity System Ltd. 144A ,uwcsl,india,xnse,motor vehicle parts
Ultracab (India) Ltd. ,538706,india,xbom,industrial electronics
Ultrack Systems Inc. ,mjlb,united states,ootc,networking
Ultragenyx Pharmaceutical Inc. ,rare,united states,xnas,pharmaceuticals
Ultrajaya Milk Industry ,ultj,indonesia,xidx,food products
Ultralife Corp. ,ulbi,united states,xnas,industrial electronics
Ultramarine & Pigments Ltd. ,506685,india,xbom,chemicals
Ultrapar Participacoes S/A ADR ,ugr,germany,xfra,gas utilities
Ultrapar Participacoes S/A ADR ,ugp,united states,xnys,gas utilities
Ultrapar Participacoes S/A Ord ,ugpa3,brazil,bvmf,gas utilities
UltraTech Cement Ltd. ,532538,india,xbom,None
Uluru Co. Ltd. ,3979,japan,xtks,computer services
Ulusal Faktoring A.S. ,ulufa.e,turkey,xist,consumer finance
Ulusoy Elektrik Imalat Taahhut ve Ticaret A.S. ,uluse.e,turkey,xist,industrial electronics
Ulusoy Un Sanayi ve Ticaret A.S. ,uluun.e,turkey,xist,food products
ULVAC Inc. ,6728,japan,xtks,precision products
Uma Exports Ltd. ,543513,india,xbom,wholesalers
Umalis Group ,mlumg,france,xpar,employment/training services
Umang Dairies Ltd. ,500231,india,xbom,None
Umanis S.A. ,alums,france,xpar,computer services
Umatrin Holding Ltd. ,umhl,united states,ootc,personal care products/appliances
Umax Group Corp. ,umax,united states,ootc,shell companies
UMB Financial Corp. ,umbf,united states,xnas,banking
Umbra Applied Technologies Group Inc. ,uatg,united states,ootc,environment/waste management
UMC Electronics Co. Ltd. ,6615,japan,xtks,industrial electronics
U-Media Communications Inc. ,6470,taiwan,roco,networking
Umeme Ltd. ,umem,uganda,xuga,electric utilities
Umenohana Co. Ltd. ,7604,japan,xtks,restaurants
UMH Properties Inc. ,umh,united states,xnys,residential reits
UMH Properties Inc. 6.75% Cum. Redeem. Pfd. Series C ,umh.prc,united states,xnys,residential reits
UMH Properties Inc. Cum. Redeem. Pfd. Series D ,umh.prd,united states,xnys,residential reits
Umicore S.A. ,umi,belgium,xbru,environment/waste management
Umicore S.A. ,umi,austria,xwbo,environment/waste management
Umicore S.A. ,umin,mexico,xmex,environment/waste management
Umicore S.A. ,0ruy,united kingdom,xlon,environment/waste management
Umicore S.A. ,umicf,united states,ootc,environment/waste management
Umicore S.A. ,nvjp,united states,xetr,environment/waste management
Umicore SA ADR ,umicy,united states,ootc,environment/waste management
Umida Group AB Series B ,umida.b,sweden,xsat,alcoholic beverages/drinks
U-Ming Marine Transport Corp. ,2606,taiwan,xtai,water transport/shipping
Umiya Tubes Ltd. ,539798,india,xbom,iron/steel
Umm Al Qaiwain General Investments Co. P.S.C. ,qic,kuwait,xkuw,finance companies
Umm Al Qura Cement ,3005,saudi arabia,xsau,building materials/products
UMP Healthcare Holdings Ltd. ,722,hong kong,xhkg,healthcare provision
Umpqua Holdings Corp. ,umpq,united states,xnas,banking
UMS Holdings Bhd ,7137,malaysia,xkls,industrial machinery
UMS Holdings Ltd. ,558,singapore,xses,semiconductors
UMS-Neiken Group Bhd ,7227,malaysia,xkls,industrial electronics
UMT United Mobility Technology AG ,umdk,united states,xetr,consumer finance
UMW Holdings Bhd ,4588,malaysia,xkls,automobiles
UmweltBank AG ,ubk,united states,xetr,banking
Undelun Invest S.A. ,s3445,spain,xmad,mutual & other funds
Under Armour Inc. Cl A ,uaa,united states,xnys,clothing
Under Armour Inc. Cl A ,0r2i,united kingdom,xlon,clothing
Under Armour Inc. Cl C ,0lik,united kingdom,xlon,clothing
Under Armour Inc. Cl C ,ua,united states,xnys,clothing
UnderSea Recovery Corp. ,undr,united states,ootc,diversified business services
Unet Credit Finance Services Ltd. ,uncr,israel,xtae,insurance brokering
Unex Holdings Inc. ,unex,united states,ootc,technical services
Unga Group Ltd. ,unga,kenya,xnai,food products
Unggul Indah Cahaya ,unic,indonesia,xidx,chemicals
Uni Abex Alloy Products Ltd. ,504605,india,xbom,iron/steel
Uni Chem Co. Ltd. ,011330,south korea,xkrx,clothing
Uni-Asia Group Ltd. ,chj,singapore,xses,finance companies
Unibail-Rodamco-Westfield N.V. ,unblf,united states,ootc,retail reits
Unibail-Rodamco-Westfield SE ,urw,italy,xmil,retail reits
Unibail-Rodamco-Westfield SE ,0yo9,united kingdom,xlon,retail reits
Unibail-Rodamco-Westfield SE ,urw,netherlands,xams,retail reits
Unibail-Rodamco-Westfield SE ,1br1,united states,xetr,retail reits
Unibap AB ,unibap,sweden,xsto,precision products
Unibel S.A. ,unbl,france,xpar,food products
UNIBEP S.A. ,uni,poland,xwar,construction
Uni-Bio Science Group Ltd. ,690,hong kong,xhkg,biotechnology
Unibios Holdings S.A. ,biosk,greece,xath,building materials/products
UNIC Technology Corp. ,5452,taiwan,roco,chemicals
Unicafe Inc. ,2597,japan,xtks,non-alcoholic beverages/drinks
Unicaja Banco S.A. ,0rr7,united kingdom,xlon,banking
Unicaja Banco S.A. ,uni,spain,xmad,banking
UniCap Investment & Finance S.A.K.C. ,unicap,kuwait,xkuw,mortgages
Unicap Modaraba ,ucapm,pakistan,xkar,closed-end funds
UniCapital Corp. ,ucpc,united states,ootc,general services
UNICASA Industria de Moveis S.A. ,ucas3,brazil,bvmf,furniture
Unicharm Corp. ,unchf,united states,ootc,nondurable household products
Unicharm Corp. ,8113,japan,xtks,nondurable household products
Unicharm Corp. ADR ,unicy,united states,ootc,nondurable household products
Uni-Charm Indonesia ,ucid,indonesia,xidx,nondurable household products
Unichem Laboratories Ltd. ,506690,india,xbom,pharmaceuticals
Unick Corp. ,011320,south korea,xkrx,motor vehicle parts
Unick Fix-A-Form & Printers Ltd. ,541503,india,xbom,containers/packaging
Unico American Corp. ,unam,united states,xnas,non-life insurance
Unicocell Biomed Co. Ltd. ,6794,taiwan,roco,biotechnology
Unicon Optical Co. Ltd. ,4150,taiwan,roco,medical equipment/supplies
Unicorn Technologies L.P. ,unct,israel,xtae,investment advisors
UniCredit Bank a.d. ,nblb.r.b,bosnia,xblb,banking
UniCredit S.p.A. ,ucg,italy,xmil,banking
UniCredit S.p.A. ,ucg,poland,xwar,banking
UniCredit S.p.A. ,0rls,united kingdom,xlon,banking
UniCredit S.p.A. ,uncff,united states,ootc,banking
UniCredit S.p.A. ,crin,united states,xetr,banking
UniCredit S.p.A. ADR ,uncry,united states,ootc,banking
Unic-Tech L.P. ,untc,israel,xtae,finance companies
Unictron Technologies Corp. ,6792,taiwan,xtai,networking
Unicycive Therapeutics Inc. ,uncy,united states,xnas,biotechnology
Unid Co. Ltd. ,014830,south korea,xkrx,chemicals
Unidata S.p.A. ,ud,italy,xmil,internet/online
Uniden Holdings Corp. ,6815,japan,xtks,networking
UniDevice AG ,udc,united states,xetr,wholesalers
UniDoc Health Corp. ,udoc,canada,xcnq,healthcare provision
UniDoc Health Corp. ,udocf,united states,ootc,healthcare provision
Unieuro S.p.A. ,0rof,united kingdom,xlon,home goods retail
Unieuro S.p.A. ,unir,italy,xmil,home goods retail
Unifi Inc. ,ufi,united states,xnys,clothing
Unifiedpost Group S.A. ,upg,belgium,xbru,internet/online
Unifin Financiera S.A.B. de C.V. Series A ,unifina,mexico,xmex,general services
UniFirst Corp. ,unf,united states,xnys,diversified business services
Uniflex Technology Inc. ,3321,taiwan,xtai,semiconductors
Uniform Industrial Corp. ,2482,taiwan,xtai,consumer finance
Uniform Next Co. Ltd. ,3566,japan,xtks,wholesalers
Unifosa Corp. ,8277,taiwan,roco,semiconductors
Unifreight Africa Ltd. ,unif,zimbabwe,xzim,trucking
Unigold Inc. ,ugdif,united states,ootc,gold
Unigold Inc. ,ugd,canada,xtsx,gold
Unigroup Guoxin Microelectronics Co. Ltd. A ,002049,china,xshe,semiconductors
Uniinfo Telecom Services Ltd. ,uniinfo,india,xnse,wired telecommunications services
U City PCL ,u,thailand,xbkk,real estate developers
U City PCL Pfd. ,u.p,thailand,xbkk,real estate developers
U&I Financial Corp. ,unif,united states,ootc,banking
U.C.A. AG ,uca1,germany,xfra,investment advisors
U.D. Electronic Corp. ,3689,taiwan,roco,industrial electronics
U.S. Bancorp ,usb,united states,xnys,banking
U.S. Bancorp ,0lhy,united kingdom,xlon,banking
U.S. Bancorp Dep. Pfd. (Rep. 1/1000 Interest in a share of Non-Cum Perp Pfd Series A) ,usb.pra,united states,xnys,banking
U.S. Bancorp Dep. Pfd. (Rep. 1/1000 Interest in a share of Non-Cum Perp Pfd Series B) ,usb.prh,united states,xnys,banking
U.S. Bancorp Dep. Pfd. (Rep. 1/1000 Share of Pfd. Series O) ,usb.prs,united states,ootc,banking
U.S. Bancorp Dep. Pfd. (Rep. 1/1000th 4% Pfd. Series M) ,usb.prr,united states,ootc,banking
U.S. Bancorp Dep. Pfd. (Rep. 1/1000th Non-Cum. Perp. Pfd. Series K) ,usb.prp,united states,xnys,banking
U.S. Bancorp Dep. Pfd. (Rep. 1/1000th Perp. 3.75% Pfd. Series L) ,usb.prq,united states,xnys,banking
U.S. Cellular Corp. ,usm,united states,xnys,wireless telecommunications services
U.S. Cellular Corp. 5.5% Senior Notes ,uze,united states,xnys,wireless telecommunications services
U.S. Cellular Corp. 5.5% Sr. Notes due 2070 ,uzf,united states,xnys,wireless telecommunications services
U.S. Cellular Corp. 6.25% Sr. Notes due 2069 ,uzd,united states,xnys,wireless telecommunications services
U.S. Copper Corp. ,uscuf,united states,ootc,general mining
U.S. Copper Corp. ,uscu,canada,xtsx,general mining
U.S. Critical Metals Corp. ,uscm,canada,xtsx,shell companies
U.S. Energy Corp. ,useg,united states,xnas,oil extraction
U.S. Energy Initiatives Corp. Inc. ,usei,united states,ootc,motor vehicle parts
U.S. Global Investors Inc. Cl A ,grow,united states,xnas,investment advisors
U.S. Gold Corp. ,usau,united states,xnas,gold
U.S. Gold Corp. ,0lhw,united kingdom,xlon,gold
U.S. Lighting Group Inc. ,uslg,united states,ootc,industrial electronics
U.S. Lime & Minerals Inc. ,uslm,united states,xnas,building materials/products
U.S. Liquids Inc. ,uslq,united states,ootc,environment/waste management
U.S. Lithium Corp. ,lith,united states,ootc,general mining
U.S. Neurosurgical Holdings Inc. ,usnu,united states,ootc,healthcare provision
U.S. Physical Therapy Inc. ,usph,united states,xnys,healthcare provision
U.S. Silica Holdings Inc. ,slca,united states,xnys,general mining
U.S. Stem Cell Inc. ,usrm,united states,ootc,biotechnology
U.S. Well Services Inc. ,usws,united states,xnas,oil & gas products/services
U.S. Well Services Inc. Wt ,uswsw,united states,xnas,None
U.S. Wind Farming Inc. ,uswf,united states,ootc,renewable energy generation
U.S. Xpress Enterprises Inc. Cl A ,usx,united states,xnys,trucking
U.Y. Fincorp Ltd. ,530579,india,xbom,securities
U10 Corp. ,alu10,france,xpar,housewares
U2BIO Co. Ltd. ,221800,south korea,xkon,healthcare provision
U3O8 Corp. ,uweff,united states,ootc,non-ferrous metals
U3O8 Corp. ,uwe.h,canada,xtsx,non-ferrous metals
UA Multimedia Inc. ,uamm,united states,ootc,publishing
UAC Global PCL ,uac,thailand,xbkk,chemicals
UACJ Corp. ,5741,japan,xtks,aluminum
UACN PLC ,uacn,nigeria,xnsa,food products
UAMT S.A. Oradea ,uam,romania,xbse,motor vehicle parts
UANGEL Corp. ,072130,south korea,xkrx,networking
UAS Drone Corp. ,usdr,united states,ootc,aerospace products/parts
UAV Corp. ,umav,united states,ootc,chemicals
UB Bancorp ,ubnc,united states,ootc,banking
UBA Investments Ltd. ,768,hong kong,xhkg,closed-end funds
UBCare Co. Ltd. ,032620,south korea,xkrx,computer services
UBE Corp. ,4208,japan,xtks,chemicals
Uber Technologies Inc. ,uber,united states,xnys,emerging technologies
Uber Technologies Inc. ,ut8,united states,xetr,emerging technologies
U-Best Innovative Technology Co. Ltd. ,4714,taiwan,roco,chemicals
UBI Pharma Inc. ,6562,taiwan,roco,pharmaceuticals
Ubicom Holdings Inc. ,3937,japan,xtks,computer services
Ubion Co. Ltd. ,084440,south korea,xkon,software
Ubique Minerals Ltd. ,ubq,canada,xcnq,non-ferrous metals
Ubiquitech Software Corp. ,ubqu,united states,ootc,software
Ubiquiti Inc. ,ui,united states,xnys,networking
Ubiquiti Inc. ,0li9,united kingdom,xlon,networking
Ubiquitous AI Corp. ,3858,japan,xjas,software
Ubiquoss Holdings Inc. ,078070,south korea,xkrx,networking
Ubiquoss Inc. ,264450,south korea,xkrx,networking
UBIS (ASIA) PCL ,ubis,thailand,xbkk,chemicals
Ubisoft Entertainment S.A. ,ubi,france,xpar,toys & games
Ubisoft Entertainment S.A. ,ubin,mexico,xmex,toys & games
Ubisoft Entertainment S.A. ,ubsff,united states,ootc,toys & games
Ubisoft Entertainment S.A. ,ubis,austria,xwbo,toys & games
Ubisoft Entertainment S.A. ,0nvl,united kingdom,xlon,toys & games
Ubisoft Entertainment S.A. ADR ,ubsfy,united states,ootc,toys & games
UbiVelox Inc. ,089850,south korea,xkrx,precision products
u-blox Holding AG ,0qni,united kingdom,xlon,semiconductors
u-blox Holding AG ,ubxn,switzerland,xswx,semiconductors
UBM Development AG ,ubs,austria,xwbo,real estate developers
UBM Development AG ,0gd5,united kingdom,xlon,real estate developers
Ubon Bio Ethanol PCL ,ube,thailand,xbkk,alternative fuels
UBright Optronics Corp. ,4933,taiwan,roco,chemicals
UBS Group AG ,ubs,united states,xnys,major international banks
UBS Group AG ,0r3t,united kingdom,xlon,major international banks
UBS Group AG ,ubsg,switzerland,xswx,major international banks
UC Asset LP ,ucasu,united states,ootc,real estate developers
UC&GN International Corp. ,3603,taiwan,roco,semiconductors
Ucal Fuel Systems Ltd. ,500464,india,xbom,motor vehicle parts
Ucap Cloud Information Technology Co. Ltd. A ,688228,china,xshg,internet/online
Ucar S.A. ,alucr,france,xpar,general services
UCB S.A. ,ucbjf,united states,ootc,biotechnology
UCB S.A. ,ucb,belgium,xbru,biotechnology
UCB S.A. ,0nzt,united kingdom,xlon,biotechnology
UCB S.A. ,ucbn,mexico,xmex,biotechnology
UCB S.A. ADR ,ucbjy,united states,ootc,biotechnology
Uchi Technologies Bhd ,7100,malaysia,xkls,precision products
Uchida Yoko Co. Ltd. ,8057,japan,xtks,furniture
Uchiyama Holdings Co. Ltd. ,6059,japan,xtks,diversified holding companies
Uchumi Supermarkets Ltd. ,uchm,kenya,xnai,food retail
UCloud Technology Co. Ltd. A ,688158,china,xshg,internet/online
uCloudlink Group Inc. ADR ,ucl,united states,xnas,networking
UCM Resita S.A. ,ucm,romania,xbse,mobile machinery
UCO Bank Ltd. ,532505,india,xbom,None
Ucommune International Ltd. ,uk,united states,xnas,real estate developers
Ucommune International Ltd. Wt ,ukomw,united states,xnas,None
Ucore Rare Metals Inc. ,ucu,canada,xtsx,non-ferrous metals
Ucore Rare Metals Inc. ,uuraf,united states,ootc,non-ferrous metals
UCrest Bhd ,0005,malaysia,xkls,networking
Udaipur Cement Works Ltd. ,530131,india,xbom,building materials/products
Udapussellawa Plantations PLC ,udpl.n0000,sri lanka,xcol,farming
Uday Jewellery Industries Ltd. ,539518,india,xbom,jewelry & watches
Udemy Inc. ,udmy,united states,xnas,consumer services
UDR Inc. ,udr,united states,xnys,residential reits
UDR Inc. ,0lhs,united kingdom,xlon,residential reits
UDS Group Inc. ,udsg,united states,ootc,restaurants
UE Furniture Co. Ltd. A ,603600,china,xshg,furniture
Ueki Corp. ,1867,japan,xtks,construction
UEM Edgenta Bhd ,1368,malaysia,xkls,diversified business services
UEM Sunrise Bhd ,5148,malaysia,xkls,real estate developers
UET United Electronic Technology AG ,cfc,united states,xetr,networking
UEX Corp. ,uexcf,united states,ootc,non-ferrous metals
UEX Corp. ,uxo,germany,xfra,non-ferrous metals
UEX Corp. ,uex,canada,xtse,non-ferrous metals
Uflex Ltd. ,500148,india,xbom,containers/packaging
UFO Moviez India Ltd. ,539141,india,xbom,None
UFP Industries Inc. ,ufpi,united states,xnas,building materials/products
UFP Technologies Inc. ,ufpt,united states,xnas,containers/packaging
Ufuk Yatirim Yonetim ve Gayrimenkul A.S. ,ufuk.e,turkey,xist,finance companies
UG Healthcare Corp. Ltd. ,8k7,singapore,xses,medical equipment/supplies
Uganda Clays Ltd. ,ucl,uganda,xuga,building materials/products
Ugar Sugar Works Ltd. ,530363,india,xbom,food products
UGE International Ltd. ,ugeif,united states,ootc,industrial electronics
UGE International Ltd. ,uge,canada,xtsx,industrial electronics
UGI Corp. ,ugi,united states,xnys,gas utilities
Ugro Capital Ltd. ,511742,india,xbom,finance companies
UHF Logistics Group Inc. ,rglg,united states,ootc,real estate developers
UHT Unitech Co. Ltd. ,6618,taiwan,roco,clothing
UI Display Co. Ltd. ,069330,south korea,xkrx,industrial electronics
UIE PLC ,uie,denmark,xcse,farming
UIE PLC ,0kgq,united kingdom,xlon,farming
UIL Co. Ltd. ,049520,south korea,xkrx,networking
UIL Finance Ltd. ZDP ,utlf,united kingdom,xlon,closed-end funds
UIL Finance Ltd. ZDP ,utlh,united kingdom,xlon,closed-end funds
UIL Finance Ltd. ZDP ,utli,united kingdom,xlon,closed-end funds
UIL Finance Ltd. ZDP 2024 ,utlg,united kingdom,xlon,closed-end funds
UiPath Inc. ,path,united states,xnys,software
Ujaas Energy Ltd. ,533644,india,xbom,None
Ujjivan Financial Services Ltd. ,539874,india,xbom,finance companies
Ujjivan Small Finance Bank Ltd. ,542904,india,xbom,banking
Uju Electronics Co. Ltd. ,065680,south korea,xkrx,industrial electronics
UJU Holding Ltd. ,1948,hong kong,xhkg,advertising/marketing/public relations
Universal Display Corp. ,0lje,united kingdom,xlon,audio/video equipment
Universal Electronics Inc. ,ueic,united states,xnas,audio/video equipment
Universal Energy Corp. ,uvse,united states,ootc,oil extraction
Universal for Paper & Packaging Materials ,unip,egypt,nilx,containers/packaging
Universal Health International Group Holding Ltd. ,2211,hong kong,xhkg,drug retail
Universal Health Realty Income Trust ,wy8,germany,xfra,healthcare reits
Universal Health Realty Income Trust ,uht,united states,xnys,healthcare reits
Universal Health Services Inc. Cl A ,uhid,united states,ootc,healthcare provision
Universal Health Services Inc. Cl B ,0ljl,united kingdom,xlon,healthcare provision
Universal Health Services Inc. Cl B ,uhs,united states,xnys,healthcare provision
Universal Ibogaine Inc. ,ibo,canada,xtsx,shell companies
Universal Ibogaine Inc. ,ibogf,united states,ootc,shell companies
Universal Inc. ,1325,taiwan,xtai,clothing
Universal Insurance Co. Ltd. ,uvic,pakistan,xkar,non-life insurance
Universal Insurance Co. PLC ,univinsure,nigeria,xnsa,non-life insurance
Universal Insurance Holdings Inc. ,uve,united states,xnys,non-life insurance
Universal Logistics Holdings Inc. ,ulh,united states,xnas,trucking
Universal Media Group Inc. ,umgp,united states,ootc,motion picture/sound recording
Universal Microelectronics Co. Ltd. ,2413,taiwan,xtai,precision products
Universal Microwave Technology Inc. ,3491,taiwan,roco,industrial electronics
Universal Modern Industries Co. ,umic,jordan,xamm,food products
Universal Music Group N.V. ,umg,netherlands,xams,motion picture/sound recording
Universal Music Group N.V. ,0umg,united kingdom,xlon,motion picture/sound recording
Universal Music Group N.V. ,umgnf,united states,ootc,motion picture/sound recording
Universal Music Group N.V. ADR ,unvgy,united states,ootc,motion picture/sound recording
Universal Network Systems Ltd. ,gemunsl,pakistan,xkar,transportation services
Universal Office Automation Ltd. ,523519,india,xbom,wholesalers
Universal Power Industry Corp. ,upin,united states,ootc,computers/consumer electronics
Universal Proptech Inc. ,upi,canada,xtsx,building materials/products
Universal Robina Corp. ,urc,philippines,xphs,food products
Universal Robina Corp. ,uvrbf,united states,ootc,food products
Universal Robina Corp. ADR ,uvrby,united states,ootc,food products
Universal Scientific Industrial (Shanghai) Co. Ltd. ,601231,china,xshg,industrial electronics
Universal Security Instruments Inc. ,uuu,united states,xase,industrial electronics
Universal Solar Technology Inc. ,unss,united states,ootc,industrial electronics
Universal Stainless & Alloy Products Inc. ,usap,united states,xnas,iron/steel
Universal Starch-Chem Allied Ltd. ,524408,india,xbom,chemicals
Universal Store Holdings Ltd. ,uni,australia,xasx,clothing retail
Universal Systems Inc. ,uvss,united states,ootc,environment/waste management
Universal Technical Institute Inc. ,uti,united states,xnys,employment/training services
Universal Textile Co. Ltd. ,1445,taiwan,xtai,clothing
Universal Tracking Solutions Inc. ,utrk,united states,ootc,networking
Universal Vision Biotechnology Co. Ltd. ,3218,taiwan,roco,healthcare provision
Universe Entertainment & Culture Group Co. Ltd. ,1046,hong kong,xhkg,motion picture/sound recording
Universe Pharmaceuticals Inc. ,upc,united states,xnas,healthcare provision
Universe Printshop Holdings Ltd. ,8448,hong kong,xhkg,printing
University Bancorp Inc. ,unib,united states,ootc,banking
University Press PLC ,upl,nigeria,xnsa,publishing
Universus Photo Imagings Ltd. ,542933,india,xbom,medical equipment/supplies
Univerzalna Investiciona Banka AD Skopje ,uni,macedonia,xmae,banking
Univest Financial Corp. ,uvsp,united states,xnas,banking
UniVision Engineering Ltd. ,uvel,united kingdom,xlon,precision products
Univo Pharmaceuticals Ltd. ,unvo,israel,xtae,pharmaceuticals
Uniwax S.A. ,unxc,ivory coast,xbrv,clothing
Uniworth Ltd. ,514144,india,xbom,clothing
Unizyx Holding Corp. ,3704,taiwan,xtai,networking
Unjha Formulations Ltd. ,531762,india,xbom,pharmaceuticals
Unlimited Travel Group AB ,utg,sweden,xsto,tourism
Unlu Yatirim Holding A.S. ,unlu.e,turkey,xist,investment advisors
Unozawa-Gumi Iron Works Ltd. ,6396,japan,xtks,industrial machinery
UNQ Holdings Ltd. ,2177,hong kong,xhkg,mixed retailing
Unrivaled Brands Inc. ,unrv,united states,ootc,farming
Unternehmens Invest AG ,uiv,austria,xwbo,investment advisors
Unum Group ,0ljn,united kingdom,xlon,life insurance
Unum Group ,unm,united states,xnys,life insurance
Unum Group 6.25% Jr. Sub. Notes 061558 ,unma,united states,xnys,life insurance
UnUsUaL Ltd. ,1d1,singapore,xses,recreational services
UOA Development Bhd ,5200,malaysia,xkls,real estate developers
UOA REIT ,5110,malaysia,xkls,industrial/office reits
UOB Kay Hian Securities (Thailand) PCL ,uobkh,thailand,xbkk,securities
UOB-Kay Hian Holdings Ltd. ,u10,singapore,xses,securities
Uoki Co. Ltd. ,2683,japan,xtks,food retail
UOL Group Ltd. ,u14,singapore,xses,real estate developers
UOL Group Ltd. ,uolgf,united states,ootc,real estate developers
UOL Group Ltd. ADR ,uolgy,united states,ootc,real estate developers
Uonlive Corp. ,uoli,united states,ootc,broadcasting
Uoriki Co. Ltd. ,7596,japan,xtks,food retail
Up Fintech Holding Ltd. ADR ,tigr,united states,xnas,securities
Up Global Sourcing Holdings PLC ,upgs,united kingdom,xlon,advertising/marketing/public relations
UP Hotels Ltd. ,509960,india,xbom,hotels
UPA Corp. Bhd ,7757,malaysia,xkls,containers/packaging
Upbest Group Ltd. ,335,hong kong,xhkg,finance companies
UPC Technology Corp. ,1313,taiwan,xtai,chemicals
UPD Holding Corp. ,updc,united states,ootc,food products
UPDC PLC ,updc,nigeria,xnsa,real estate developers
UPDC Real Estate Investment Trust ,updcreit,nigeria,xnsa,diversified reits
Upergy S.A. ,alupg,france,xpar,mixed retailing
UpHealth Inc. ,uph,united states,xnys,software
UpHealth Inc. Wt ,uph.wt,united states,xnys,None
uPI Semiconductor Corp. ,6719,taiwan,xtai,semiconductors
UPL Ltd. ,512070,india,xbom,None
Upland Software Inc. ,upld,united states,xnas,software
UPM Kymmene Oyj ,upmkf,united states,ootc,paper/pulp
UPM-Kymmene Oyj ,0nv5,united kingdom,xlon,paper/pulp
UPM-Kymmene Oyj ,rpl,united states,xetr,paper/pulp
UPM-Kymmene Oyj ,upm,finland,xhel,paper/pulp
UPM-Kymmene Oyj ADR ,upmmy,united states,ootc,paper/pulp
Uponor Oyj ,0ki5,united kingdom,xlon,building materials/products
Uponor Oyj ,uponor,finland,xhel,building materials/products
Upper Egypt Flour Mills ,uefm,egypt,nilx,food products
Upper Street Marketing Inc. ,uppr,united states,ootc,clothing
UPR Corp. ,7065,japan,xtks,general services
Upsales Technology AB ,upsale,sweden,xsto,software
Upsellon Brands Holdings Ltd. ,upsl,israel,xtae,software
UpSnap Inc. ,up,canada,xcnq,advertising/marketing/public relations
Upstart Holdings Inc. ,upst,united states,xnas,internet/online
Upsurge Investment & Finance Ltd. ,531390,india,xbom,finance companies
Upwork Inc. ,upwk,united states,xnas,employment/training services
URA Holdings PLC ,urah,united kingdom,xlon,non-ferrous metals
Urals Stampings Plant PAO ,urkz,russia,misx,iron/steel
Uranium Energy Corp. ,uec,united states,xase,non-ferrous metals
Uranium Energy Corp. ,0ljq,united kingdom,xlon,non-ferrous metals
Uranium Royalty Corp. ,urc,canada,xtsx,non-ferrous metals
Uranium Royalty Corp. ,uroy,united states,xnas,non-ferrous metals
Uranium Royalty Corp. Wt ,urc.wt,canada,xtsx,None
Uravan Minerals Inc. ,uvn,canada,xtsx,non-ferrous metals
Urban Development & Construction Corp. ,udc,vietnam,xstc,construction
Urban Edge Properties ,ue,united states,xnys,retail reits
Urban Jakarta Propertindo ,urbn,indonesia,xidx,real estate developers
Urban Logistics REIT PLC ,shed,united kingdom,xlon,industrial/office reits
Urban Logistics REIT PLC ,pcilf,united states,ootc,industrial/office reits
Urban One Inc. Cl A ,uone,united states,xnas,broadcasting
Urban One Inc. Cl D ,uonek,united states,xnas,broadcasting
Urban Outfitters Inc. ,urbn,united states,xnas,clothing retail
Urban Television Network Corp. ,urbt,united states,ootc,broadcasting
Urbana Corp. ,urb,canada,xtse,closed-end funds
Urbana Corp. ,urnaf,united states,ootc,closed-end funds
Urbana Corp. Cl A ,urb.a,canada,xtse,closed-end funds
Urbana Corp. Cl A ,ubaaf,united states,ootc,closed-end funds
Urbanet Corp. Co. Ltd. ,3242,japan,xjas,real estate developers
UrbanFund Corp. ,ufc,canada,xtsx,real estate developers
urban-gro Inc. ,ugro,united states,xnas,farming
Urbanimmersive Inc. ,ubmrf,united states,ootc,software
Urbanimmersive Inc. ,ui,canada,xtsx,software
Urbanise.com Ltd. ,ubn,australia,xasx,software
Urbas Grupo Financiero S.A. ,ubs,spain,xmad,real estate developers
Urbas Grupo Financiero S.A. ,0ojy,united kingdom,xlon,real estate developers
Urbi Desarrollos Urbanos S.A.B. de C.V. ,urbi,mexico,xmex,residential building construction
Urb-it AB ,urbit,sweden,xsto,emerging technologies
Ur-Energy Inc. ,urg,united states,xase,non-ferrous metals
Ur-Energy Inc. ,u9t,germany,xfra,non-ferrous metals
Ur-Energy Inc. ,ure,canada,xtse,non-ferrous metals
Urja Global Ltd. ,526987,india,xbom,renewable energy generation
Uro Inversiones S.A. ,s2931,spain,xmad,mutual & other funds
UroGen Pharma Ltd. ,urgn,united states,xnas,pharmaceuticals
Uroica Precision Information Engineering Co. Ltd. A ,300099,china,xshe,precision products
Urologix Inc. ,ulgx,united states,ootc,medical equipment/supplies
Urstadt Biddle Properties Inc. ,ubp,united states,xnys,retail reits
Urstadt Biddle Properties Inc. 5.875% Cum. Redeem. Pfd. Series K ,ubp.prk,united states,xnys,retail reits
Urstadt Biddle Properties Inc. 6.25% Cum. Redeem. Pfd. Series H ,ubp.prh,united states,xnys,retail reits
Urstadt Biddle Properties Inc. Cl A ,uba,united states,xnys,retail reits
Ursus S.A. ,urs,poland,xwar,mobile machinery
Urteste S.A. ,urt,poland,xwar,medical equipment/supplies
URU Metals Ltd. ,uru,united kingdom,xlon,non-ferrous metals
US Financial 15 Split Corp. Pfd. ,ftu.prb,canada,xtse,mutual & other funds
US Foods Holding Corp. ,usfd,united states,xnys,food retail
US Masters Residential Property Fund ,urf,australia,xasx,residential reits
US Masters Residential Property Fund 6.25% Pfd. ,urfpa,australia,xasx,residential reits
US Metro Bancorp ,usmt,united states,ootc,banking
US Nuclear Corp. ,ucle,united states,ootc,precision products
US Student Housing REIT ,usq,australia,xasx,residential reits
USA Compression Partners L.P. ,usac,united states,xnys,oil & gas products/services
USA Truck Inc. ,usak,united states,xnas,trucking
Usak Seramik Sanayii A.S. ,usak.e,turkey,xist,building materials/products
USANA Health Sciences Inc. ,usna,united states,xnys,pharmaceuticals
Usategi Inversiones S.A. ,s2272,spain,xmad,mutual & other funds
USCB Financial Holdings Inc. ,uscb,united states,xnas,banking
USCOM Ltd. ,ucm,australia,xasx,medical equipment/supplies
USCorp. ,uscs,united states,ootc,general mining
USD Partners LP ,usdp,united states,xnys,transportation services
USEN-Next Holdings Co. Ltd. ,9418,japan,xtks,motion picture/sound recording
User Local Inc. ,3984,japan,xtks,software
Userjoy Technology Co. Ltd. ,3546,taiwan,roco,toys & games
UserTesting Inc. ,user,united states,xnys,internet/online
Userway Ltd. ,uway,israel,xtae,internet/online
USG Tech Solutions Ltd. ,532402,india,xbom,software
Usha Martin Education & Solutions Ltd. ,532398,india,xbom,None
Usha Martin Ltd. ,517146,india,xbom,None
Usha Resources Ltd. ,usha,canada,xtsx,shell companies
Usha Resources Ltd. ,ushaf,united states,ootc,shell companies
Ushakiran Finance Ltd. ,511507,india,xbom,finance companies
Ushdev International Ltd. ,511736,india,xbom,wholesalers
USHG Acquisition Corp. ,hugs.ut,united states,None,shell companies
USHG Acquisition Corp. Cl A ,hugs,united states,xnys,shell companies
USHG Acquisition Corp. Wt ,hugs.wt,united states,xnys,None
Ushine Photonics Corp. ,3678,taiwan,roco,precision products
Ushio Inc. ,6925,japan,xtks,industrial electronics
Ushio Inc. ,uhoif,united states,ootc,industrial electronics
USI Corp. ,1304,taiwan,xtai,chemicals
Usinas Siderurgicas de Minas Gerais S/A Ord ,xusio,spain,mabx,iron/steel
Usinas Siderurgicas de Minas Gerais S/A Ord ,usim3,brazil,bvmf,iron/steel
Usinas Siderurgicas de Minas Gerais S/A Pfd. ADR ,usnzy,united states,ootc,iron/steel
Usinas Siderurgicas de Minas Gerais S/A Pref ,xusi,spain,mabx,iron/steel
Usinas Siderurgicas de Minas Gerais S/A Pref A ,u1s1,germany,xfra,iron/steel
Usio Inc. ,usio,united states,xnas,consumer finance
Usmania Glass Sheet Factory Ltd. ,usmaniagl,bangladesh,xdha,building materials/products
USP Group Ltd. ,brs,singapore,xses,oil & gas products/services
USS Co. Ltd. ,4732,japan,xtks,specialty retail
UST Co. Ltd. ,263770,south korea,xkrx,semiconductors
USU Software AG ,osp2,united states,xetr,software
USU Software AG ,0ney,united kingdom,xlon,software
Usun Technology Co. Ltd. ,3498,taiwan,roco,precision products
USWE Sports AB ,uswe,sweden,xsto,specialty retail
UT Group Co. Ltd. ,2146,japan,xtks,semiconductors
UTA Acquisition Corp. Cl A ,utaa,united states,xnas,shell companies
UTA Acquisition Corp. Un ,utaau,united states,xnas,shell companies
UTA Acquisition Corp. Wt ,utaaw,united states,xnas,None
Utah Medical Products Inc. ,utmd,united states,xnas,medical equipment/supplies
UTair Aviation ,utar,russia,misx,passenger airlines
U-TECH Media Corp. ,3050,taiwan,xtai,audio/video equipment
Utechzone Co. Ltd. ,3455,taiwan,roco,precision products
Utenos Trikotazas AB ,utr1l,lithuania,xlit,clothing
UTG Inc. ,utgn,united states,ootc,life insurance
UTI Asset Management Co. Ltd. ,543238,india,xbom,investment advisors
UTI Inc. ,179900,south korea,xkrx,industrial electronics
Utilicraft Aerospace Industries Inc. ,uita,united states,ootc,aerospace products/parts
UTime Ltd. ,utme,united states,xnas,networking
Utique Enterprises Ltd. ,500014,india,xbom,finance companies
UTL Industries Ltd. ,500426,india,xbom,non-ferrous metals
Utopia ,utop,egypt,nilx,real estate developers
Utopya Turizm Insaat Isletmecilik Ticaret A.S. ,utpya.e,turkey,xist,hotels
Utour Group Co. Ltd. A ,002707,china,xshe,tourism
Utron Ltd. ,utrn,israel,xtae,motor vehicle parts
UTS Marketing Solutions Holdings Ltd. ,6113,hong kong,xhkg,advertising/marketing/public relations
UTStarcom Holdings Corp. ,utsi,united states,xnas,networking
Uttam Galva Steels Ltd. ,513216,india,xbom,iron/steel
Uttam Sugar Mills Ltd. ,532729,india,xbom,None
Uttara Bank Ltd. ,uttarabank,bangladesh,xdha,banking
Uttara Finance & Investment Ltd. ,uttarafin,bangladesh,xdha,consumer finance
Utva Silosi AD ,utsi,serbia,xbel,iron/steel
Utz Brands Inc. ,utz,united states,xnys,food products
UUUM Co. Ltd. ,3990,japan,xtks,motion picture/sound recording
UVAT Technology Co. Ltd. ,3580,taiwan,roco,industrial machinery
UVGermi S.A. ,aluvi,france,xpar,environment/waste management
UWC Bhd ,5292,malaysia,xkls,industrial products
Uwharrie Capital Corp. ,uwhr,united states,ootc,banking
UWM Holdings Corp. ,uwmc,united states,xnys,mortgages
UWM Holdings Corp. Wt ,uwmc.wt,united states,xnys,None
Uxama Inversiones S.A. ,s2945,spain,xmad,mutual & other funds
Uxin Ltd. ADR ,uxin,united states,xnas,specialty retail
Uzabase Inc. ,3966,japan,xtks,computer services
Uzertas Boya Sanayi Ticaret ve Yatirim A.S. ,uzerb.e,turkey,xist,building materials/products
Uzin Utz AG ,uzu,united states,xetr,building materials/products
Uzma Bhd ,7250,malaysia,xkls,oil & gas products/services
Uztel S.A. ,uzt,romania,xbse,oil & gas products/services
United Bank for Investment ,bund,iraq,xiqs,banking
United Bank Ltd. ,ubl,pakistan,xkar,banking
United Bankers Oyj ,united,finland,xhel,investment advisors
United Bankshares Inc. ,ubsi,united states,xnas,banking
United Basalt Products Ltd. ,ubp,mauritius,xmau,building materials/products
United Brands Ltd. ,ubdl,pakistan,xkar,personal care products/appliances
United Breweries Ltd. ,532478,india,xbom,None
United Cable Industries ,ucic,jordan,xamm,industrial electronics
United Capital PLC ,ucap,nigeria,xnsa,banking
United Co. Rusal PLC ,486,hong kong,xhkg,aluminum
United Co. Rusal PLC ,rual,russia,misx,aluminum
United Commercial Bank Ltd. ,ucb,bangladesh,xdha,banking
United Communications Partners Inc. ,ucpa,united states,ootc,advertising/marketing/public relations
United Community Banks Inc. ,ucbi,united states,xnas,banking
United Community Banks Inc. Dep. Pfd. (Rep. 1/1000th Pfd. Series I) ,ucbio,united states,ootc,banking
United Cooperative Assurance Co. ,8190,saudi arabia,xsau,non-life insurance
United Credit Ltd. ,531091,india,xbom,finance companies
United Credit Systems OJSC ,ucss,russia,misx,finance companies
United Development Co. P.S.C. ,udcd,qatar,dsmd,real estate developers
United Distributors Pakistan Ltd. ,udpl,pakistan,xkar,chemicals
United Docks Ltd. ,utdl,mauritius,xmau,real estate developers
United Drilling Tools Ltd. ,522014,india,xbom,oil & gas products/services
United Electronics Co. ,4003,saudi arabia,xsau,home goods retail
United Energy Corp. ,unrg,united states,ootc,chemicals
United Energy Group Ltd. ,unegf,united states,ootc,oil extraction
United Energy Group Ltd. ,467,hong kong,xhkg,oil extraction
United Express Inc. ,unxp,united states,ootc,trucking
United Fiber Optic Communication Inc. ,4903,taiwan,roco,industrial electronics
United Finance Co. S.A.O.G. ,ufci,oman,xmus,consumer finance
United Finance Ltd. ,unitedfin,bangladesh,xdha,banking
United Financial Investments ,ucfi,jordan,xamm,securities
United Fire Group Inc. ,ufcs,united states,xnas,non-life insurance
United Hampshire US Real Estate Investment Trust ,odbu,singapore,xses,diversified reits
United Health Products Inc. ,ueec,united states,ootc,closed-end funds
United Housing & Development ,unit,egypt,nilx,real estate developers
UNITED Inc. ,2497,japan,xtks,advertising/marketing/public relations
United Insurance Co. Ltd. ,unitedins,bangladesh,xdha,non-life insurance
United Insurance Co. of Pakistan Ltd. ,unic,pakistan,xkar,non-life insurance
United Insurance Holdings Corp. ,uihc,united states,xnas,non-life insurance
United Integrated Services Co. Ltd. ,2404,taiwan,xtai,construction
United Interactive Ltd. ,502893,india,xbom,internet/online
United International Transportation Co. Ltd. ,4260,saudi arabia,xsau,general services
United Internet AG ,utdi,united states,xetr,internet/online
United Internet AG ,udirf,united states,ootc,internet/online
United Internet AG ,0ge4,united kingdom,xlon,internet/online
United Investments Ltd. ,utin,mauritius,xmau,finance companies
United Label S.A. ,unl,poland,xwar,toys & games
United Labels AG ,ulc,united states,xetr,mixed retailing
United Laboratories International Holdings Ltd. ,3933,hong kong,xhkg,pharmaceuticals
United Leasing & Industries Ltd. ,507808,india,xbom,clothing
United Lithium Corp. ,ulthf,united states,ootc,non-ferrous metals
United Lithium Corp. ,ulth,canada,xcnq,non-ferrous metals
United Malacca Bhd ,2593,malaysia,xkls,farming
United Malt Group Ltd. ,umg,australia,xasx,food products
United Malt Group Ltd. ,umlgf,united states,ootc,food products
United Microelectronics Corp. ,2303,taiwan,xtai,semiconductors
United Microelectronics Corp. ADR ,umc,united states,xnys,semiconductors
United Microelectronics Corp. ADR ,umcb,germany,xfra,semiconductors
United Motors Lanka PLC ,uml.n0000,sri lanka,xcol,specialty retail
United Natural Foods Inc. ,unfi,united states,xnys,food retail
United Nilgiri Tea Estates Co. Ltd. ,unitedtea,india,xnse,farming
United Oil & Gas PLC ,uog,united kingdom,xlon,oil extraction
United Orthopedic Corp. ,4129,taiwan,roco,medical equipment/supplies
United Overseas Australia Ltd. ,uos,australia,xasx,real estate developers
United Overseas Australia Ltd. ,eh5,singapore,xses,real estate developers
United Overseas Bank Ltd. ,u11,singapore,xses,banking
United Overseas Bank Ltd. ,uob,germany,xfra,banking
United Overseas Bank Ltd. ,uovef,united states,ootc,banking
United Overseas Bank Ltd. ADR ,uovey,united states,ootc,banking
United Overseas Insurance Ltd. ,u13,singapore,xses,non-life insurance
United Palm Oil Industry PCL ,upoic,thailand,xbkk,farming
United Paper PCL ,utp,thailand,xbkk,paper/pulp
United Paragon Mining Corp. ,upm,philippines,xphs,general mining
United Parcel Service Inc. Cl B ,ups,united states,xnys,air freight
United Parcel Service Inc. Cl B ,0r08,united kingdom,xlon,air freight
United Plantations Bhd ,2089,malaysia,xkls,farming
United Polyfab Gujarat Ltd. ,unitedpoly,india,xnse,clothing
United Power Generation & Distribution Co. Ltd. ,upgdcl,bangladesh,xdha,electric utilities
United Power of Asia PCL ,upa,thailand,xbkk,real estate developers
United Projects for Aviation Services K.S.C. ,upac,kuwait,xkuw,transportation services
United Radiant Technology Corp. ,5315,taiwan,roco,computers/consumer electronics
United Rail Inc. ,ural,united states,ootc,railroads
United Real Estate Co. K.S.C. ,urc,kuwait,xkuw,real estate developers
United Recommend International Co. Ltd. ,5321,taiwan,roco,industrial electronics
United Renewable Energy Co. Ltd. ,3576,taiwan,xtai,industrial electronics
United Rentals Inc. ,uri,united states,xnys,general services
United Resource Holdings Group Inc. ,urhg,united states,ootc,gold
United Royale Holdings Corp. ,uryl,united states,ootc,forestry & wood products
United Security Bancshares (California) ,ubfo,united states,xnas,banking
United Spirits Ltd. ,532432,india,xbom,alcoholic beverages/drinks
United States Antimony Corp. ,uamy,united states,xase,precious metals
United States Steel Corp. ,x,united states,xnys,iron/steel
United States Steel Corp. ,usx1,united states,xetr,iron/steel
United States Steel Corp. ,0lj9,united kingdom,xlon,iron/steel
United States Steel Corp. ,x,mexico,xmex,iron/steel
United Strength Power Holdings Ltd. ,2337,hong kong,xhkg,specialty retail
United Super Markets Holdings Inc. ,3222,japan,xtks,food retail
United Tennessee Bankshares Inc. ,untn,united states,ootc,banking
United Textiles Ltd. ,521188,india,xbom,clothing
United Therapeutics Corp. ,uthr,united states,xnas,biotechnology
United Tractors ,untr,indonesia,xidx,mining support services
United Tractors ADR ,putky,united states,ootc,mining support services
United U-Li Corp. Bhd ,7133,malaysia,xkls,building materials/products
United Urban Investment Corp. ,8960,japan,xtks,diversified reits
United Utilities Group PLC ,uuec,germany,xfra,water utilities
United Utilities Group PLC ,uugwf,united states,ootc,water utilities
United Utilities Group PLC ,uu,united kingdom,xlon,water utilities
United Utilities Group PLC ADR ,uugry,united states,ootc,water utilities
United Van Der Horst Ltd. ,522091,india,xbom,industrial machinery
United Wire Factories Co. ,1301,saudi arabia,xsau,industrial electronics
United-Guardian Inc. ,ug,united states,xnas,chemicals
UnitedHealth Group Inc. ,unh,mexico,xmex,life insurance
UnitedHealth Group Inc. ,unh,united states,xetr,life insurance
UnitedHealth Group Inc. ,unh,united states,xnys,life insurance
Unitekno Co. Ltd. ,241690,south korea,xkrx,motor vehicle parts
Unitel High Technology Corp. ,3642,taiwan,roco,industrial products
UniTest Inc. ,086390,south korea,xkrx,semiconductors
Uniti Group Inc. ,unit,united states,xnas,specialty reits
Uniti Group Inc. ,0ljb,united kingdom,xlon,specialty reits
Uniti Group Ltd. ,uwl,australia,xasx,wireless telecommunications services
Uniti S.A. ,alunt,france,xpar,residential reits
Unitika Ltd. ,3103,japan,xtks,clothing
Unitil Corp. ,utl,united states,xnys,electric utilities
Uni-Trend Technology China Co. Ltd. A ,688628,china,xshg,precision products
Unitronics (1989) (RG) Ltd. ,unit,israel,xtae,precision products
Unitronix Corp. ,utrx,united states,ootc,software
Unitrontech Co. Ltd. ,142210,south korea,xkrx,semiconductors
UniTTEC Co. Ltd. A ,000925,china,xshe,industrial electronics
Unity Bancorp Inc. ,unty,united states,xnas,banking
Unity Bank PLC ,unitybnk,nigeria,xnsa,banking
Unity Biotechnology Inc. ,ubx,united states,xnas,biotechnology
Unity Enterprise Holdings Ltd. ,2195,hong kong,xhkg,construction
Unity Foods Ltd. ,unity,pakistan,xkar,clothing
Unity Software Inc. ,u,united states,xnys,toys & games
Univacco Technology Inc. ,3303,taiwan,roco,chemicals
Univance Corp. ,7254,japan,xtks,motor vehicle parts
Univanich Palm Oil PCL ,uvan,thailand,xbkk,food products
Univar Solutions Inc. ,unvr,united states,xnys,wholesalers
Univastu India Ltd. ,univastu,india,xnse,construction
UNIVEC Inc. ,unvc,united states,ootc,medical equipment/supplies
Univentures PCL ,uv,thailand,xbkk,real estate developers
Universal Apparel & Textile Co. ,dkgr,united states,ootc,clothing
Universal Auto Distributors Holding S.A. ,uadh,tunisia,xtun,specialty retail
Universal Cables Ltd. ,504212,india,xbom,None
Universal Cement Corp. ,1104,taiwan,xtai,building materials/products
Universal Copper Ltd. ,ecmxf,united states,ootc,non-ferrous metals
Universal Copper Ltd. ,unv,canada,xtsx,non-ferrous metals
Universal Corp. ,uvv,united states,xnys,tobacco
Universal Corp. ,0ljd,united kingdom,xlon,tobacco
Universal Display Corp. ,oled,united states,xnas,audio/video equipment
Unilever (Ghana) Ltd. ,unil,ghana,xgha,food products
Unilever Caribbean Ltd. ,ucl,trinidad and tobago,xtrn,food products
Unilever Consumer Care Ltd. ,unilevercl,bangladesh,xdha,pharmaceuticals
Unilever Indonesia ,unvr,indonesia,xidx,personal care products/appliances
Unilever Indonesia ,unlrf,united states,ootc,personal care products/appliances
Unilever Indonesia ADR ,unlry,united states,ootc,personal care products/appliances
Unilever Nigeria PLC ,unilever,nigeria,xnsa,food products
Unilever Pakistan Foods Ltd. ,upfl,pakistan,xkar,food products
Unilever PLC ,unlyf,united states,ootc,food products
Unilever PLC ,ulvr,united kingdom,xlon,food products
Unilever PLC ,unvb,united states,xetr,food products
Unilever PLC ,una,netherlands,xams,food products
Unilever PLC ,ulvr,austria,xwbo,food products
Unilever PLC ADR ,ul,united states,xnys,food products
Unilever PLC ADR ,unva,germany,xfra,food products
Unilumin Group Co. Ltd. ,300232,china,xshe,semiconductors
Unima 2000 Systemy Teleinformatyczne S.A. ,u2k,poland,xwar,computer services
Unimech Group Bhd ,7091,malaysia,xkls,industrial machinery
UniMicron Technology Corp. ,3037,taiwan,xtai,industrial electronics
Unimit Engineering PCL ,uec,thailand,xbkk,construction
Unimode Overseas Ltd. ,512595,india,xbom,clothing
Unimot S.A. ,unt,poland,xwar,gas utilities
Union Andina de Cementos S.A.A. ,unacemc1,peru,xlim,building materials/products
Union Assurance PLC ,ual.n0000,sri lanka,xcol,life insurance
Union Auction PCL ,auct,thailand,xbkk,mixed retailing
Union Bancaire pour le Commerce et l'Industrie S.A. ,ubci,tunisia,xtun,banking
Union Bank of Colombo PLC ,ubc.n0000,sri lanka,xcol,banking
Union Bank of India ,532477,india,xbom,None
Union Bank of Nigeria PLC ,ubn,nigeria,xnsa,banking
Union Bank of Taiwan ,2838,taiwan,xtai,banking
Union Bank of Taiwan Pfd. ,2838a,taiwan,xtai,banking
Union Bank of the Philippines ,ubp,philippines,xphs,banking
Union Bankshares Inc. ,unb,united states,xnas,banking
Union Capital Ltd. ,unioncap,bangladesh,xdha,finance companies
Union Community Co. Ltd. ,203450,south korea,xkrx,precision products
Union Construction & Investment ,uci,palestine,xpae,real estate developers
Union Corp. ,000910,south korea,xkrx,building materials/products
Union de Cervecerias Peruanas Backus y Johnston S.A. ,backusi1,peru,xlim,alcoholic beverages/drinks
Union de Cervecerias Peruanas Backus y Johnston S.A. (A share) ,backuac1,peru,xlim,alcoholic beverages/drinks
Union de Cervecerias Peruanas Backus y Johnston S.A. Pfd. B ,backubc1,peru,xlim,alcoholic beverages/drinks
Union Dicon Salt PLC ,uniondicon,nigeria,xnsa,general mining
Union Electric Co. $3.50 Cum. Pfd. ,uepen,united states,ootc,electric utilities
Union Electric Co. $4.00 Cum. Pfd. ,uepem,united states,ootc,electric utilities
Union Electric Co. $5.50 Pfd. A ,uepco,united states,ootc,electric utilities
Union Electric Co. 3.7% Pfd. ,uelmo,united states,ootc,electric utilities
Union Financiere de France Banque S.A. ,0i15,united kingdom,xlon,investment advisors
Union Financiere de France Banque S.A. ,uff,france,xpar,investment advisors
Union Gas Holdings Ltd. ,1f2,singapore,xses,gas utilities
Union Homes REIT PLC ,uhomreit,nigeria,xnsa,mortgage reits
Union Hotels Collection d.d. ,ghur,slovenia,xlju,hotels
Union Insurance Co. Ltd. ,2816,taiwan,xtai,non-life insurance
Union Insurance Co. Ltd. Bangladesh ,unionins,bangladesh,xdha,non-life insurance
Union Insurance Co. P.S.C. ,union,united arab emirates,xads,non-life insurance
Union Internationale de Banques S.A. ,uib,tunisia,xtun,banking
Union Inversora Patrimonial S.A. ,s1707,spain,xmad,mutual & other funds
Union Jack Oil PLC ,ujo,united kingdom,xlon,oil extraction
Union Korea Pharm. Co. Ltd. ,080720,south korea,xkrx,pharmaceuticals
Union Land Development Corp. ,uldc,jordan,xamm,real estate developers
Union Materials Corp. ,047400,south korea,xkrx,industrial products
Union Mosaic Industry PCL ,umi,thailand,xbkk,building materials/products
Union Optech Co. Ltd. A ,300691,china,xshe,precision products
Union Pacific Corp. ,0r2e,united kingdom,xlon,railroads
Union Pacific Corp. ,unp,united states,xnys,railroads
Union Petrochemical PCL ,ukem,thailand,xbkk,chemicals
Union Pioneer PCL ,upf,thailand,xbkk,clothing
Union Plastic PCL ,up,thailand,xbkk,industrial products
Union Properties PJSC ,upp,united arab emirates,xdfm,real estate developers
Union Quality Plastics Ltd. ,526799,india,xbom,containers/packaging
Union Semiconductor Equipment Co. Ltd. ,036200,south korea,xkrx,semiconductors
Union Steel Holdings Ltd. ,bla,singapore,xses,environment/waste management
Union Sugar Estates Co. Ltd. ,unse,mauritius,xmau,farming
Union Technologies Informatique Group S.A. ,fpg,france,xpar,computer services
Union Tool Co. ,6278,japan,xtks,industrial machinery
Unionman Technology Co. Ltd. A ,688609,china,xshg,emerging technologies
UNIOR Kovaska Industrija d.d. ,ukig,slovenia,xlju,industrial products
Unipar Carbocloro S/A Ord ,unip3,brazil,bvmf,chemicals
Uniper SE ,0rj4,united kingdom,xlon,multiutilities
Uniper SE ,unprf,united states,ootc,multiutilities
Uniper SE ,un01,united states,xetr,multiutilities
Uniphar PLC ,upr,united kingdom,xlon,drug retail
Unipharma Co. Ltd. ,6621,taiwan,roco,pharmaceuticals
Uniphos Enterprises Ltd. ,500429,india,xbom,None
Uni-Pixel Inc. ,unxlq,united states,ootc,industrial products
Uniplus Electronics Co. Ltd. ,5381,taiwan,roco,industrial electronics
Unipoint Corp. ,121060,south korea,xkon,computer services
Unipol Gruppo S.p.A. ,0q6m,united kingdom,xlon,full-line insurance
Unipol Gruppo S.p.A. ,uni,italy,xmil,full-line insurance
UnipolSAI Assicurazioni S.p.A. ,us,italy,xmil,non-life insurance
UnipolSAI Assicurazioni S.p.A. ,0q8m,united kingdom,xlon,non-life insurance
Unipos Inc. ,6550,japan,xtks,advertising/marketing/public relations
Unipres Corp. ,5949,japan,xtks,motor vehicle parts
Uni-President China Holdings Ltd. ,220,hong kong,xhkg,non-alcoholic beverages/drinks
Uni-President China Holdings Ltd. ADR ,upchy,united states,ootc,non-alcoholic beverages/drinks
Uni-President Enterprises Corp. ,1216,taiwan,xtai,food products
Unipro OJSC ,upro,russia,misx,electric utilities
UNIQA Insurance Group AG ,0gdr,united kingdom,xlon,full-line insurance
UNIQA Insurance Group AG ,uqa,austria,xwbo,full-line insurance
Unique Engineering & Construction PCL ,uniq,thailand,xbkk,construction
Unique Fabricating Inc. ,ufab,united states,xase,motor vehicle parts
Unique Hotel & Resorts Ltd. ,uniquehrl,bangladesh,xdha,hotels
Unique Logistics International Inc. ,unql,united states,ootc,shell companies
Unique Mining Services PCL ,ums,thailand,xbkk,coal
Unique Opto-Electronics Co. Ltd. ,3441,taiwan,roco,precision products
Unique Organics Ltd. ,530997,india,xbom,food products
Uniquest Corp. ,077500,south korea,xkrx,semiconductors
uniQure N.V. ,qure,united states,xnas,biotechnology
UNIRITA Inc. ,3800,japan,xjas,software
Uniroyal Global Engineered Products Inc. ,unir,united states,ootc,clothing
Uniroyal Industries Ltd. ,521226,india,xbom,clothing
Uniroyal Marine Exports Ltd. ,526113,india,xbom,fishing
Uni-Select Inc. ,unief,united states,ootc,wholesalers
Uni-Select Inc. ,uns,canada,xtse,wholesalers
Unisem (M) Bhd ,5005,malaysia,xkls,semiconductors
Uniserve Communications Corp. ,uss,canada,xtsx,wired telecommunications services
Unishire Urban Infra Ltd. ,537582,india,xbom,real estate developers
Unison Co. Ltd. ,018000,south korea,xkrx,renewable energy generation
Unison Metals Ltd. ,538610,india,xbom,housewares
Unisplendour Corp. Ltd. A ,000938,china,xshe,computers/consumer electronics
Unistar Multimedia Ltd. ,532035,india,xbom,motion picture/sound recording
Unisync Corp. ,uni,canada,xtse,clothing
Unisys Corp. ,uis,united states,xnys,computer services
Unisys Corp. ,usy,united kingdom,xlon,computer services
Unisyst Engineering PLC ,aluf.n0000,sri lanka,xcol,building materials/products
Unit Corp. ,untc,united states,ootc,oil & gas products/services
Unit Corp. Wt ,untcw,united states,ootc,None
Unitas Holdings Ltd. ,8020,hong kong,xhkg,water transport/shipping
Unite & Grow Inc. ,4486,japan,xtks,computer services
Unite de Fabrication de Medicaments S.A. ,umed,tunisia,xtun,pharmaceuticals
Unite Group PLC ,utg,united kingdom,xlon,real estate developers
Unitech Computer Co. Ltd. ,2414,taiwan,xtai,computers/consumer electronics
Unitech Electronics Co. Ltd. ,3652,taiwan,roco,computers/consumer electronics
Unitech International Ltd. ,531867,india,xbom,chemicals
Unitech Ltd. ,507878,india,xbom,real estate developers
Unitech Printed Circuit Board Corp. ,2367,taiwan,xtai,industrial electronics
United & Collective Co. Ltd. ,3557,japan,xtks,restaurants
United Aircraft Corp. JSC ,unac,russia,misx,aerospace products/parts
United Airlines Holdings Inc. ,ual,united states,xnas,passenger airlines
United Airlines Holdings Inc. ,ual,mexico,xmex,passenger airlines
United Airlines Holdings Inc. ,0liu,united kingdom,xlon,passenger airlines
United Airlines Holdings Inc. ,ual1,united states,xetr,passenger airlines
United Alloy-Tech. Co. Ltd. ,3162,taiwan,roco,sports goods
United American Healthcare Corp. ,uahc,united states,ootc,medical equipment/supplies
United American Petroleum Corp. ,uapc,united states,ootc,oil extraction
United Arab Bank ,uab,united arab emirates,xads,banking
United Arab Shipping Co. ,uasg,egypt,nilx,water transport/shipping
United Arrows Ltd. ,7606,japan,xtks,clothing retail
United Bancorp Inc. ,ubcp,united states,xnas,banking
United Bancorp of Alabama Inc. ,ubab,united states,ootc,banking
United Bancshares Inc. ,uboh,united states,xnas,banking
United Bank for Africa PLC ,uba,nigeria,xnsa,banking
