name,symbol,country,exchange,sector
V Group Inc. ,vgid,united states,ootc,non-alcoholic beverages/drinks
V Technology Co. Ltd. ,7717,japan,xtks,precision products
V Twin Capital Invest S.A. ,s1989,spain,xmad,mutual & other funds
V.B. Desai Financial Services Ltd. ,511110,india,xbom,investment advisors
V.B. Industries Ltd. ,539123,india,xbom,finance companies
V.I.P. Industries Ltd. ,507880,india,xbom,None
V.S. International Group Ltd. ,1002,hong kong,xhkg,audio/video equipment
V2 Retail Ltd. ,532867,india,xbom,clothing retail
V2Y Corp. Ltd. ,v2y,singapore,xses,internet/online
VA Tech Wabag Ltd. ,533269,india,xbom,construction
Vaalco Energy Inc. ,egy,united states,xnys,oil extraction
Vaarad Ventures Ltd. ,532320,india,xbom,investment advisors
VAA-Vista Alegre Atlantis SGPS S/A ,vaf,portugal,xlis,housewares
Vacasa Inc. ,vcsa,united states,xnas,hotels
Vaccinex Inc. ,vcnx,united states,xnas,biotechnology
Vaccitech PLC ADR ,vacc,united states,xnas,biotechnology
Vactronics Technologies Inc. ,6742,taiwan,roco,industrial electronics
Vadilal Enterprises Ltd. ,519152,india,xbom,food products
Vadilal Industries Ltd. ,519156,india,xbom,food products
Vadivarhe Speciality Chemicals Ltd. ,vscl,india,xnse,chemicals
Vado Corp. ,vadp,united states,ootc,clothing
Vadsbo SwitchTech Group AB ,vads,sweden,xsat,semiconductors
Vaghani Techno Build Ltd. ,531676,india,xbom,real estate developers
Vahanna Tech Edge Acquisition I Corp. ,vhnau,united states,xnas,shell companies
Vahanna Tech Edge Acquisition I Corp. Cl A ,vhna,united states,xnas,shell companies
Vahanna Tech Edge Acquisition I Corp. Wt ,vhnaw,united states,xnas,None
Vaibhav Global Ltd. ,532156,india,xbom,clothing retail
Vail Resorts Inc. ,mtn,united states,xnys,hotels
Vaingu Inversiones S.A. ,s1398,spain,xmad,mutual & other funds
Vaisala Oyj Series A ,vaias,finland,xhel,precision products
Vaisala Oyj Series A ,0geg,united kingdom,xlon,precision products
Vaishali Pharma Ltd. ,vaishali,india,xnse,pharmaceuticals
VAIV Co. Inc. ,301300,south korea,xkrx,software
Vakif Finansal Kiralama A.S. ,vakfn.e,turkey,xist,general services
Vakif Gayrimenkul Yatirim Ortakligi A.S. ,vkgyo.e,turkey,xist,diversified reits
Vakif Menkul Kiymet Yatirim Ortakligi A.S. ,vkfyo.e,turkey,xist,closed-end funds
Vakko Tekstil ve Ticaret A.S. ,vakko.e,turkey,xist,clothing
Vakomtek S.A. ,vkt,poland,xwar,computers/consumer electronics
Vakrangee Softwares Ltd. ,511431,india,xbom,None
Vaksons Automobiles Ltd. ,539402,india,xbom,specialty retail
Valamar Riviera d.d. ,rivp,croatia,xzag,hotels
Valaris Ltd. ,val,united states,xnys,oil & gas products/services
Valaris Ltd. Wt ,val.wt,united states,xnys,None
Valartis Group AG ,vlrt,switzerland,xswx,finance companies
Valbiotis S.A. ,alval,france,xpar,biotechnology
Valcorona Inversiones S.A. ,s2947,spain,xmad,mutual & other funds
Valdarbi Invest S.A. ,s2942,spain,xmad,mutual & other funds
Valdeolea de Inversiones S.A. ,s2951,spain,xmad,mutual & other funds
Valdillana de Inversiones S.A. ,s2956,spain,xmad,mutual & other funds
Val-d'Or Mining Corp. ,vdomf,united states,ootc,mining support services
Val-d'Or Mining Corp. ,vzz,canada,xtsx,mining support services
Vale Indonesia ,xt3b,germany,xfra,non-ferrous metals
Vale Indonesia ,inco,indonesia,xidx,non-ferrous metals
Vale Indonesia ,ptndf,united states,ootc,non-ferrous metals
Vale Indonesia ADR ,ptndy,united states,ootc,non-ferrous metals
Vale S.A. ADR ,vale,united states,xnys,iron/steel
Vale S.A. ADR ,cvlb,germany,xfra,iron/steel
Vale S.A. Ord ,xvalo,spain,mabx,iron/steel
Vale S.A. Ord ,vale3,brazil,bvmf,iron/steel
Valencia Capital Inc. ,val.p,canada,xtsx,shell companies
Valens Co. Inc. ,vlns,united states,xnas,biotechnology
Valens Co. Inc. ,vlns,canada,xtse,biotechnology
Valens Semiconductor Ltd. ,vln,united states,xnys,semiconductors
Valens Semiconductor Ltd. Wt ,vln.wt,united states,xnys,None
Valeo Pharma Inc. ,vphif,united states,ootc,pharmaceuticals
Valeo Pharma Inc. ,vph,canada,xtse,pharmaceuticals
Valeo Pharma Inc. Wt ,vph.wt,canada,xtse,None
Valeo S.A. ,fr,austria,xwbo,motor vehicle parts
Valeo S.A. ,0rh5,united kingdom,xlon,motor vehicle parts
Valeo S.A. ,vleef,united states,ootc,motor vehicle parts
Valeo SE ,fr,france,xpar,motor vehicle parts
Valeo SE ADR ,vleey,united states,ootc,motor vehicle parts
Valero Energy Corp. ,vlo,united states,xnys,oil & gas products/services
Valero Energy Corp. ,0lk6,united kingdom,xlon,oil & gas products/services
Valero Energy Corp. ,vlo,mexico,xmex,oil & gas products/services
Valeura Energy Inc. ,vle,canada,xtse,oil extraction
Valeura Energy Inc. ,pnwrf,united states,ootc,oil extraction
Valhi Inc. ,vhi,united states,xnys,chemicals
Valiant Co. Ltd. A ,002643,china,xshe,chemicals
Valiant Communications Ltd. ,526775,india,xbom,networking
Valiant Eagle Inc. ,psru,united states,ootc,diversified business services
Valiant Holding AG ,0qpu,united kingdom,xlon,banking
Valiant Holding AG ,vatn,switzerland,xswx,banking
Valiant Organics Ltd. ,540145,india,xbom,chemicals
Valid Solucoes S/A Ord ,vlid3,brazil,bvmf,consumer finance
ValiRx PLC ,val,united kingdom,xlon,biotechnology
Vallabh Steels Ltd. ,513397,india,xbom,iron/steel
Valley National Bancorp ,vly,united states,xnas,banking
Valley National Bancorp 5.5% Pfd. Series B ,vlypo,united states,xnas,banking
Valley National Bancorp 6.25% Perp. Pfd. Series A ,vlypp,united states,xnas,banking
Vallianz Holdings Ltd. ,wpc,singapore,xses,water transport/shipping
Vallibel Finance PLC ,vfin.n0000,sri lanka,xcol,finance companies
Vallibel One PLC ,vone.n0000,sri lanka,xcol,diversified holding companies
Vallibel Power Erathna PLC ,vpel.n0000,sri lanka,xcol,renewable energy generation
Vallisoletana de Valores S.A. ,s2963,spain,xmad,mutual & other funds
Vallon Pharmaceuticals Inc. ,vlon,united states,xnas,biotechnology
Vallourec S.A. ,vacd,germany,xfra,iron/steel
Vallourec S.A. ,vk,france,xpar,iron/steel
Vallourec S.A. ,0nr2,united kingdom,xlon,iron/steel
Vallourec S.A. ,vlouf,united states,ootc,iron/steel
Vallourec S.A. ADR ,vlowy,united states,ootc,iron/steel
Valmet Corp. ,0qiw,united kingdom,xlon,paper/pulp
Valmet Corp. ,valmt,finland,xhel,paper/pulp
Valmet Corp. ADR ,vlmty,united states,ootc,paper/pulp
Valmie Resources Inc. ,vmri,united states,ootc,aerospace products/parts
Valmon Inversiones S.A. ,s2957,spain,xmad,mutual & other funds
Valmont Industries Inc. ,vmi,united states,xnys,building materials/products
Valneva SE ,ayj,united states,xetr,biotechnology
Valneva SE ,inrlf,united states,ootc,biotechnology
Valneva SE ,vla,france,xpar,biotechnology
Valneva SE ,vla,austria,xwbo,biotechnology
Valneva SE ,0ob3,united kingdom,xlon,biotechnology
Valneva SE ADR ,valn,united states,xnas,biotechnology
Valoe Oyj ,valoe,finland,xhel,precision products
Valoe Oyj ,0jqk,united kingdom,xlon,precision products
Valor Holdings Co. Ltd. ,9956,japan,xtks,food retail
Valor Latitude Acquisition Corp. ,vlatu,united states,xnas,shell companies
Valor Latitude Acquisition Corp. Cl A ,vlat,united states,xnas,shell companies
Valor Latitude Acquisition Corp. Wt ,vlatw,united states,xnas,None
Valor Resources Ltd. ,val,australia,xasx,non-ferrous metals
Valora Effekten Handel AG ,veh,germany,xfra,securities
Valora Holding AG ,0qle,united kingdom,xlon,mixed retailing
Valora Holding AG ,valn,switzerland,xswx,mixed retailing
ValOre Metals Corp. ,kvlqf,united states,ootc,non-ferrous metals
ValOre Metals Corp. ,vo,canada,xtsx,non-ferrous metals
Valorem Resources Inc. ,valu,canada,xcnq,general mining
Valores Simesa S.A. ,valsimesa,colombia,xbog,finance companies
Valparaiso Sporting Club S.A. ,sporting,chile,xsgo,recreational services
Valqua Ltd. ,7995,japan,xtks,chemicals
Valrrubio S.A. ,s2987,spain,xmad,mutual & other funds
Valsoia S.p.A. ,vls,italy,xmil,food products
Valson Industries Ltd. ,530459,india,xbom,clothing
Valterra Resource Corp. ,vrscf,united states,ootc,non-ferrous metals
Valterra Resource Corp. ,vqa,canada,xtsx,non-ferrous metals
Valtes Co. Ltd. ,4442,japan,xtks,software
Value Added Technology Co. Ltd. ,043150,south korea,xkrx,medical equipment/supplies
Value Capital One Ltd. ,valu,israel,xtae,construction
Value Convergence Holdings Ltd. ,821,hong kong,xhkg,securities
Value Exchange International Inc. ,veii,united states,ootc,computers/consumer electronics
Value Golf Inc. ,3931,japan,xtks,shell companies
Value Grupo Financiero S.A.B. de C.V. ,valuegfo,mexico,xmex,finance companies
Value HR Co. Ltd. ,6078,japan,xtks,computer services
Value Line Inc. ,valu,united states,xnas,publishing
Value Management & Research AG ,vmr1,germany,xfra,investment advisors
Value Partners Group Ltd. ,806,hong kong,xhkg,investment advisors
Value Tree Black S.A. ,s2435,spain,xmad,mutual & other funds
Value Valves Co. Ltd. ,4580,taiwan,roco,industrial products
Value8 N.V. ,value,netherlands,xams,investment advisors
Value8 N.V. Pfd. ,preva,netherlands,xams,investment advisors
ValueCommerce Co. Ltd. ,2491,japan,xtks,advertising/marketing/public relations
Vivara Participacoes S/A Ord ,viva3,brazil,bvmf,clothing retail
Vivendi SE ,viv,france,xpar,motion picture/sound recording
Vivendi SE ,0iif,united kingdom,xlon,motion picture/sound recording
Vivendi SE ,viv,italy,xmil,motion picture/sound recording
Vivendi SE ,vivef,united states,ootc,motion picture/sound recording
Vivendi SE ,vvu,united states,xetr,motion picture/sound recording
Vivendi SE ADR ,vivhy,united states,ootc,motion picture/sound recording
Viveon Health Acquisition Corp. ,vhaq,united states,xase,shell companies
Viveon Health Acquisition Corp. Rt ,vhaq.rt,united states,xase,shell companies
Viveon Health Acquisition Corp. Wt ,vhaq.wt,united states,xase,None
Viver Incorporadora e Construtora S.A. ,vivr3,brazil,bvmf,real estate developers
Vivero de Inversiones S.A. ,s3045,spain,xmad,mutual & other funds
Vivesto AB ,vive,sweden,xsto,pharmaceuticals
Vivesto AB ADR ,oasmy,united states,ootc,pharmaceuticals
Viveve Medical Inc. ,vive,united states,xnas,medical equipment/supplies
Vivid Games S.A. ,vvd,poland,xwar,toys & games
Vivid Global Industries Ltd. ,524576,india,xbom,chemicals
Vivid Seats Inc. ,seat,united states,xnas,specialty retail
Vivid Seats Inc. Wt ,seatw,united states,xnas,None
Vividthree Holdings Ltd. ,omk,singapore,xses,motion picture/sound recording
Vivien Corp. ,002070,south korea,xkrx,clothing
Vivimed Labs Ltd. ,532660,india,xbom,chemicals
Vivint Smart Home Inc. Cl A ,vvnt,united states,xnys,emerging technologies
Vivo Bio Tech Ltd. ,511509,india,xbom,biotechnology
Vivo Cannabis Inc. ,vvcif,united states,ootc,farming
Vivo Cannabis Inc. ,vivo,canada,xtse,farming
Vivo Cannabis Inc. Rt ,vivo.wt,canada,xtse,None
Vivo Energy Cote d'Ivoire S.A. ,shec,ivory coast,xbrv,pipeline transportation
Vivo Energy Mauritius Ltd. ,vivoenergy,mauritius,xmau,oil extraction
Vivo Energy PLC ,vvo,united kingdom,xlon,specialty retail
Vivo Energy PLC ,vvo,south africa,xjse,specialty retail
VivoPower International PLC ,vvpr,united states,xnas,renewable energy generation
Vivoryon Therapeutics N.V. ,05y,germany,xfra,None
Vivoryon Therapeutics N.V. ,vvy,netherlands,xams,biotechnology
Vivos Inc. ,rdgl,united states,ootc,medical equipment/supplies
Vivos Therapeutics Inc. ,vvos,united states,xnas,medical equipment/supplies
Vivotek Inc. ,3454,taiwan,xtai,precision products
Vivozon Healthcare Co. Ltd. ,082800,south korea,xkrx,industrial electronics
VIX Securities JSC ,vix,vietnam,xstc,securities
Vixtel Technologies Holdings Ltd. ,1782,hong kong,xhkg,software
Viyya Technologies Inc. ,vyon,united states,ootc,software
VizConnect Inc. ,vizc,united states,ootc,internet/online
VIZIO Holding Corp. ,vzio,united states,xnys,audio/video equipment
Vizione Holdings Bhd ,7070,malaysia,xkls,construction
Vizionfocus Inc. ,4771,taiwan,roco,medical equipment/supplies
Vizsla Copper Corp. ,vcu,canada,xtsx,non-ferrous metals
Vizsla Copper Corp. ,vcuff,united states,ootc,non-ferrous metals
Vizsla Silver Corp. ,vzla,canada,xtsx,non-ferrous metals
Vizsla Silver Corp. ,vzla,united states,xase,non-ferrous metals
Vizsla Silver Corp. Wt ,vzla.wt,canada,xtsx,None
VJTF Eduservices Ltd. ,509026,india,xbom,employment/training services
VKJ Infradevelopers Ltd. ,536128,india,xbom,construction
VL Enterprise PCL ,vl,thailand,xbkk,water transport/shipping
Vladimir Chemical Plant ,vlhz,russia,misx,chemicals
VLC Holdings Co. Ltd. ,2467,japan,xngo,advertising/marketing/public relations
VLS Finance Ltd. ,511333,india,xbom,finance companies
V-Mart Retail Ltd. ,534976,india,xbom,None
VMG Consumer Acquisition Corp. ,vmgau,united states,xnas,shell companies
VMG Consumer Acquisition Corp. Cl A ,vmga,united states,xnas,shell companies
VMG Consumer Acquisition Corp. Wt ,vmgaw,united states,xnas,None
Vmoto Ltd. ,vmt,australia,xasx,sports goods
VMS Industries Ltd. ,533427,india,xbom,water transport/shipping
VMware Inc. ,bzf1,germany,xfra,software
VMware Inc. ,vmw,united states,xnys,software
VNDirect Securities Corp. ,vnd,vietnam,xstc,securities
VNECO 1 Electricity Construction JSC ,ve1,vietnam,hstc,construction
VNECO 3 Electricity Construction JSC ,ve3,vietnam,hstc,construction
VNECO 4 Electricity Construction JSC ,ve4,vietnam,hstc,construction
VNECO 8 Electricity Construction JSC ,ve8,vietnam,hstc,construction
VNET Group Inc. ADR ,vnet,united states,xnas,internet/online
Vnsteel-Ho Chi Minh City Metal Corp. ,hmc,vietnam,xstc,industrial products
Vnsteel-Vicasa JSC ,vca,vietnam,xstc,iron/steel
VNUE Inc. ,vnue,united states,ootc,broadcasting
VNV Global AB ,vnv,sweden,xsto,investment advisors
Vo2 Cap Holding AB ,vo2,sweden,xsto,software
Vobile Group Ltd. ,3738,hong kong,xhkg,software
Vobile Group Ltd. ,vobif,united states,ootc,software
VOC Energy Trust ,voc,united states,xnys,oil extraction
Vocento S.A. ,0kdd,united kingdom,xlon,publishing
Vocento S.A. ,voc,spain,xmad,publishing
Vodacom Group Ltd. ,vod,south africa,xjse,wireless telecommunications services
Vodacom Group Ltd. ADR ,vdmcy,united states,ootc,wireless telecommunications services
Vodacom Tanzania Ltd. ,voda,tanzania,xdar,wireless telecommunications services
Vodafone Group PLC ,vodi,united states,xetr,wireless telecommunications services
Vodafone Group PLC ,vod,united kingdom,xlon,wireless telecommunications services
Vodafone Group PLC ,vodpf,united states,ootc,wireless telecommunications services
Vodafone Group PLC ADR ,vod,united states,xnas,wireless telecommunications services
Vodafone Group PLC ADR ,0lqq,united kingdom,xlon,wireless telecommunications services
Vodafone Group PLC ADR ,vodj,germany,xfra,wireless telecommunications services
Vodafone Idea Ltd. ,532822,india,xbom,None
Vodafone Qatar Q.S.C. ,vfqs,qatar,dsmd,wireless telecommunications services
Vodka Brands Corp. ,vdkb,united states,ootc,alcoholic beverages/drinks
voestalpine AG ,vas,united states,xetr,iron/steel
voestalpine AG ,voe,austria,xwbo,iron/steel
voestalpine AG ,vlpnf,united states,ootc,iron/steel
voestalpine AG ,0mkx,united kingdom,xlon,iron/steel
voestalpine AG ADR ,vlpny,united states,ootc,iron/steel
Vogiatzoglou Systems S.A. ,vosys,greece,xath,home goods retail
Vogo SAS ,alvgo,france,xpar,software
Vohringer Home Technology Co. Ltd. A ,603226,china,xshg,furniture
Voice Assist Inc. ,vsst,united states,ootc,software
Voice Mobility International Inc. ,vmy.h,canada,xtsx,software
VoIP PAL.com Inc. ,vplm,united states,ootc,software
Voith Paper Fabrics India Ltd. ,522122,india,xbom,clothing
Voksel Electric ,voks,indonesia,xidx,industrial electronics
Volati AB ,volo.pref,sweden,xsto,finance companies
Volati AB ,volo,sweden,xsto,finance companies
Volati AB ,0rkk,united kingdom,xlon,finance companies
Volatus Aerospace Corp. ,vol,canada,xtsx,passenger airlines
Volatus Aerospace Corp. ,vlttf,united states,ootc,passenger airlines
Volatus Capital Corp. ,vc,canada,xcnq,general mining
Volcan Compania Minera S.A.A. Series B ,volcabc1,peru,xlim,non-ferrous metals
Volcan Compania Minera S.A.A. Series B ,xvolb,spain,mabx,non-ferrous metals
Volcan Holdings Inc. ,voho,united states,ootc,aluminum
Volcanic Gold Mines Inc. ,vg,canada,xtsx,gold
Volcanic Gold Mines Inc. ,vlmzf,united states,ootc,gold
Volcano Bhd ,0232,malaysia,xkls,industrial products
Volcon Inc. ,vlcn,united states,xnas,automobiles
Volex PLC ,vlx,united kingdom,xlon,industrial electronics
Volgogradenergosbyt ,vgsb,russia,misx,electric utilities
Volgogradenergosbyt Pfd. ,vgsbp,russia,misx,electric utilities
VolitionRX Ltd. ,vnrx,united states,xase,medical equipment/supplies
Volkswagen AG ,vlkaf,united states,ootc,automobiles
Volkswagen AG ,vow,united states,xetr,automobiles
Volkswagen AG ,0p6n,united kingdom,xlon,automobiles
Volkswagen AG 1/10th ADR ,vwagy,united states,ootc,automobiles
Volkswagen AG ADR Pfd. ,vwapy,united states,ootc,automobiles
Volkswagen AG Non-Vtg Pfd. ,vow3,united states,xetr,automobiles
Volkswagen AG Non-Vtg Pfd. ,vlkpf,united states,ootc,automobiles
Volkswagen AG Non-Vtg Pfd. ,0p6o,united kingdom,xlon,automobiles
Volkswagen AG Pfd. ADR ,vowb,germany,xfra,automobiles
Volpara Health Technologies Ltd. ,vpahf,united states,ootc,medical equipment/supplies
Volpara Health Technologies Ltd. ,vht,australia,xasx,medical equipment/supplies
Volt Carbon Technologies Inc. ,vct,canada,xtsx,chemicals
Volt Carbon Technologies Inc. ,torvf,united states,ootc,chemicals
Volt Power Group Ltd. ,vpr,australia,xasx,renewable energy generation
Volt Resources Ltd. ,vrc,australia,xasx,coal
Volta Inc. ,vlta,united states,xnys,specialty retail
Volta Inc. Wt ,vlta.wt,united states,xnys,None
Voltabox AG ,vbx,germany,xfra,industrial electronics
Voltage Inc. ,3639,japan,xtks,software
Voltage Metals Corp. ,volt,canada,xcnq,general mining
Voltaire Leasing & Finance Ltd. ,509038,india,xbom,consumer finance
Voltalia S.A. ,vltsa,france,xpar,renewable energy generation
Voltalia S.A. ,0qw7,united kingdom,xlon,renewable energy generation
Voltamp Energy S.A.O.G. ,voes,oman,xmus,industrial electronics
Voltamp Transformers Ltd. ,532757,india,xbom,None
Voltas Ltd. ,500575,india,xbom,None
Voltronic Power Technology Corp. ,6409,taiwan,xtai,industrial electronics
Volue ASA ,volue,norway,xosl,software
Virtus AllianzGI Convertible & Income Fund II 5.5% Cum. Pfd. Series A ,ncz.pra,united states,xnys,closed-end funds
Virtus Health Ltd. ,vrt,australia,xasx,healthcare provision
Virtus Investment Partners Inc. ,vrts,united states,xnas,investment advisors
VIS Co. Ltd. ,5071,japan,xtks,construction
Vis Containers Manufacturing Co. Ltd. ,vis,greece,xath,containers/packaging
Vis d.d. ,vis,croatia,xzag,hotels
Visa Inc. Cl A ,3v64,united states,xetr,consumer finance
Visa Inc. Cl A ,v,united states,xnys,consumer finance
Visa Inc. Cl A ,0qz0,united kingdom,xlon,consumer finance
Visa Inc. Cl A ,v,mexico,xmex,consumer finance
Visa Inc. Cl A ,v,chile,xsgo,consumer finance
Visa Steel Ltd. ,532721,india,xbom,iron/steel
Visagar Financial Services Ltd. ,531025,india,xbom,finance companies
Visagar Polytex Ltd. ,506146,india,xbom,None
Visaka Industries Ltd. ,509055,india,xbom,building materials/products
Visang Education Inc. ,100220,south korea,xkrx,publishing
VisasQ Inc. ,4490,japan,xtks,software
Viscasa S.A. ,s3043,spain,xmad,mutual & other funds
VISCO Technologies Corp. ,6698,japan,xtks,precision products
Visco Trade Associates Ltd. ,540097,india,xbom,finance companies
Visco Vision Inc. ,6782,taiwan,roco,medical equipment/supplies
Viscofan S.A. ,0mkw,united kingdom,xlon,food products
Viscofan S.A. ,vis,spain,xmad,food products
Viscogliosi Brothers Acquisition Corp. ,vbocu,united states,xnas,shell companies
Viscogliosi Brothers Acquisition Corp. ,vboc,united states,xnas,shell companies
Viscogliosi Brothers Acquisition Corp. Wt ,vbocw,united states,xnas,None
Viscom AG ,v6c,united states,xetr,precision products
Viscount Mining Corp. ,vml,canada,xtsx,precious metals
Viscount Mining Corp. ,vlmgf,united states,ootc,precious metals
VisDynamics Holdings Bhd ,0120,malaysia,xkls,precision products
VisEra Technologies Co. Ltd. ,6789,taiwan,roco,semiconductors
Visesh Infotecnics Ltd. ,532411,india,xbom,None
Visgeneer Inc. ,4197,taiwan,roco,biotechnology
Vishal Bearings Ltd. ,539398,india,xbom,industrial products
Vishal Fabrics Ltd. ,538598,india,xbom,clothing
Vishay Intertechnology Inc. ,vsh,united states,xnys,industrial electronics
Vishay Precision Group Inc. ,vpg,united states,xnys,precision products
Vishnu Chemicals Ltd. ,516072,india,xbom,chemicals
Vishvprabha Ventures Ltd. ,512064,india,xbom,securities
Vishwaraj Sugar Industries Ltd. ,542852,india,xbom,food products
Visi Media Asia ,viva,indonesia,xidx,motion picture/sound recording
Visiativ ,alviv,france,xpar,software
Visibilia Editore S.p.A. ,ve,italy,xmil,advertising/marketing/public relations
Visible Gold Mines Inc. ,vgd,canada,xtsx,gold
Visible Gold Mines Inc. ,vgmif,united states,ootc,gold
Visicons Construction & Investment JSC ,vc6,vietnam,hstc,construction
Visiomed Group S.A. ,alvmg,france,xpar,medical equipment/supplies
Vision Airships Inc. ,vpsn,united states,ootc,advertising/marketing/public relations
Vision Cinemas Ltd. ,526441,india,xbom,recreational services
Vision Corp. Ltd. ,531668,india,xbom,motion picture/sound recording
Vision Hydrogen Corp. ,vihd,united states,ootc,construction
Vision Inc. ,9416,japan,xtks,internet/online
Vision Lithium Inc. ,abepf,united states,ootc,general mining
Vision Lithium Inc. ,vli,canada,xtsx,general mining
Vision Marine Technologies Inc. ,vmar,united states,xnas,sports goods
Vision Sensing Acquisition Corp. ,vsacu,united states,xnas,shell companies
Vision Sensing Acquisition Corp. Cl A ,vsac,united states,xnas,shell companies
Vision Sensing Acquisition Corp. Wt ,vsacw,united states,xnas,None
Vision Sigma Ltd. ,visn,israel,xtae,housewares
Vision Telecommunications Infrastructure ,gold,indonesia,xidx,mixed retailing
Vision Values Holdings Ltd. ,862,hong kong,xhkg,networking
Visional Inc. ,4194,japan,xtks,employment/training services
Visionary Education Technology Holdings Group Inc. ,vedu,united states,xnas,consumer services
Visionary Gold Corp. ,viz,canada,xtsx,oil extraction
Visionary Gold Corp. ,viznf,united states,ootc,oil extraction
Visionox Technology Inc. A ,002387,china,xshe,computers/consumer electronics
Visionstate Corp. ,vis,canada,xtsx,software
Visium Technologies Inc. ,vism,united states,ootc,software
Viskase Cos. Inc. ,vksc,united states,ootc,containers/packaging
Vislink Technologies Inc. ,visl,united states,xnas,networking
Vissem Electronics Co. Ltd. ,072950,south korea,xkrx,industrial electronics
Vista Energy S.A.B. de C.V. ADR ,vist,united states,xnys,oil extraction
Vista Gold Corp. ,vgz,canada,xtse,gold
Vista Gold Corp. ,0vno,united kingdom,xlon,gold
Vista Gold Corp. ,vgz,united states,xase,gold
Vista Group International Ltd. ,vgl,new zealand,xnze,software
Vista Group International Ltd. ,vgl,australia,xasx,software
Vista Land & Lifescapes Inc. ,vll,philippines,xphs,real estate developers
Vista Oil & Gas S.A.B. de C.V. A ,vistaa,mexico,xmex,oil extraction
Vista Outdoor Inc. ,vsto,united states,xnys,sports goods
Vista Pharmaceuticals Ltd. ,524711,india,xbom,pharmaceuticals
VistaGen Therapeutics Inc. ,vtgn,united states,xnas,biotechnology
Vistal Gdynia S.A. ,vtl,poland,xwar,building materials/products
Vistamalls Inc. ,str,philippines,xphs,real estate developers
Vistar Amar Ltd. ,538565,india,xbom,food retail
Vistar Holdings Ltd. ,8535,hong kong,xhkg,technical services
Visteon Corp. ,vc,united states,xnas,motor vehicle parts
Vistin Pharma ASA ,vistn,norway,xosl,pharmaceuticals
Vistra Corp. ,vst,united states,xnys,electric utilities
Vistra Corp. Cl A Wt ,vst.wta,united states,xnys,None
Vistry Group PLC ,vty,united kingdom,xlon,residential building construction
Visual China Group Co. Ltd. A ,000681,china,xshe,motion picture/sound recording
Visual International Holdings Ltd. ,vis,south africa,xjse,real estate developers
Visual Photonics Epitaxy Co. Ltd. ,2455,taiwan,xtai,semiconductors
VisualMED Clinical Solutions Corp. ,vmcs,united states,ootc,software
VITA 34 AG ,v3v,united states,xetr,healthcare provision
Vita Coco Co. ,coco,united states,xnas,non-alcoholic beverages/drinks
Vita Group Ltd. ,vtg,australia,xasx,home goods retail
Vita Life Sciences Ltd. ,vls,australia,xasx,pharmaceuticals
Vita Mobile Systems Inc. ,vmsi,united states,ootc,software
Vitafoam Nigeria PLC ,vitafoam,nigeria,xnsa,industrial products
Vital Energy Inc. ,vux,canada,xtsx,oil extraction
Vital Farms Inc. ,vitl,united states,xnas,farming
Vital Healthcare Property Trust ,vhp,new zealand,xnze,specialty reits
Vital Innovations Holdings Ltd. ,6133,hong kong,xhkg,networking
Vital KSK Holdings Inc. ,3151,japan,xtks,drug retail
Vital Ltd. ,vtl,new zealand,xnze,wired telecommunications services
Vital Metals Ltd. ,vml,australia,xasx,non-ferrous metals
Vitalhub Corp. ,vhi,canada,xtse,software
Vitalibis Inc. ,vcbdq,united states,ootc,shell companies
Vitality Products Inc. ,vpi,canada,xtsx,pharmaceuticals
Vitana-X Inc. ,vitx,united states,ootc,recreational services
Vitania Ltd. ,vtna,israel,xtae,real estate developers
Vitarich Corp. ,vita,philippines,xphs,farming
Vitasoy International Holdings Ltd. ,vtsyf,united states,ootc,non-alcoholic beverages/drinks
Vitasoy International Holdings Ltd. ,345,hong kong,xhkg,non-alcoholic beverages/drinks
Vitec Group PLC ,vtc,united kingdom,xlon,leisure goods
Vitec Software Group AB Series B ,0rdi,united kingdom,xlon,computer services
Vitec Software Group AB Series B ,vit.b,sweden,xsto,computer services
VITECO Vietnam Telecommunications Technology JSC ,vie,vietnam,hstc,networking
Vitesco Technologies Group AG ,vtsc,united states,xetr,motor vehicle parts
Vitesco Technologies Group AG ADR ,vtscy,united states,ootc,motor vehicle parts
Vitesse Agro Ltd. ,540823,india,xbom,farming
Vitkovci a.d. ,vitk.r.a,bosnia,xblb,mixed retailing
Vitreous Glass Inc. ,vcigf,united states,ootc,environment/waste management
Vitreous Glass Inc. ,vci,canada,xtsx,environment/waste management
Vitro S.A.B. de C.V. Series A ,vitroa,mexico,xmex,industrial products
Vitrolife AB ,vitr,sweden,xsto,biotechnology
Vitrolife AB ,0yay,united kingdom,xlon,biotechnology
Vitrox Corp. Bhd ,0097,malaysia,xkls,precision products
Vitru Ltd. ,vtru,united states,xnas,consumer services
Vitruvio Real Estate SOCIMI S.A. ,yvit,spain,xmad,diversified reits
Vitura S.A. ,vtr,france,xpar,industrial/office reits
Vitzro Tech Co. Ltd. ,042370,south korea,xkrx,industrial electronics
Vitzrocell Co. Ltd. ,082920,south korea,xkrx,industrial electronics
Viva Biotech Holdings ,1873,hong kong,xhkg,pharmaceuticals
Viva Biotech Holdings ,vbizf,united states,ootc,pharmaceuticals
Viva China Holdings Ltd. ,8032,hong kong,xhkg,recreational services
Viva Energy Group Ltd. ,vea,australia,xasx,oil & gas products/services
Viva Entertainment Group Inc. ,ottv,united states,ootc,broadcasting
Viva Gold Corp. ,vaucf,united states,ootc,shell companies
Viva Gold Corp. ,vau,canada,xtsx,shell companies
Viva Leisure Ltd. ,vva,australia,xasx,recreational services
Viva Wine Group AB ,viva,sweden,xsto,alcoholic beverages/drinks
Viva World Trade Inc. ,vvwt,united states,ootc,alcoholic beverages/drinks
Vivakor Inc. ,vivk,united states,xnas,oil extraction
Vivanco Gruppe AG ,vg0k,germany,xfra,audio/video equipment
Vivant Corp. ,vvt,philippines,xphs,electric utilities
Vivanta Industries Ltd. ,541735,india,xbom,construction
Vivanza Biosciences Ltd. ,530057,india,xbom,pharmaceuticals
Volution Group PLC ,fan,united kingdom,xlon,building materials/products
Volvere PLC ,vle,united kingdom,xlon,finance companies
Volvik Inc. ,206950,south korea,xkon,sports goods
Volvo AB ADR ,vlvly,united states,ootc,commercial vehicles
Volvo AB Series A ,volv.a,sweden,xsto,commercial vehicles
Volvo AB Series A ,volaf,united states,ootc,commercial vehicles
Volvo AB Series A ,0mhw,united kingdom,xlon,commercial vehicles
Volvo AB Series B ,0htp,united kingdom,xlon,commercial vehicles
Volvo AB Series B ,volvf,united states,ootc,commercial vehicles
Volvo AB Series B ,volv.b,sweden,xsto,commercial vehicles
Volvo Car AB ADR ,8jo0,germany,xfra,None
Volvo Car AB Series B ,volcar.b,sweden,xsto,automobiles
Volvo Car AB Series B ,0aak,united kingdom,xlon,automobiles
Von Roll Holding AG ,rol,switzerland,xswx,industrial electronics
Von Roll Holding AG ,0qpv,united kingdom,xlon,industrial electronics
Vonage Holdings Corp. ,vg,united states,xnas,wired telecommunications services
V-One Tech Co. Ltd. ,251630,south korea,xkrx,precision products
Vonetize PLC ,vntz.m,israel,xtae,motion picture/sound recording
Vonex Ltd. ,vn8,australia,xasx,wired telecommunications services
Vongroup Ltd. ,318,hong kong,xhkg,restaurants
Vonovia SE ,0qft,united kingdom,xlon,real estate developers
Vonovia SE ,vna,united states,xetr,real estate developers
Vonovia SE ,vnnvf,united states,ootc,real estate developers
Vonovia SE ADR ,vonoy,united states,ootc,real estate developers
Vontier Corp. ,vnt,united states,xnys,industrial electronics
Vontobel Holding AG ,vonn,switzerland,xswx,investment advisors
Vontobel Holding AG ,0qke,united kingdom,xlon,investment advisors
Vontron Technology Co. Ltd. A ,000920,china,xshe,industrial products
VOOLT S.A. ,vlt,poland,xwar,industrial electronics
Vor Biopharma Inc. ,vor,united states,xnas,biotechnology
Vornado Realty Trust ,0lr2,united kingdom,xlon,diversified reits
Vornado Realty Trust ,vno,united states,xnys,diversified reits
Vornado Realty Trust 5.25% Cum. Redeem. Perp. Pfd. Series M ,vno.prm,united states,xnys,diversified reits
Vornado Realty Trust 5.25% Pfd. Series N ,vno.prn,united states,xnys,diversified reits
Vornado Realty Trust 5.40% Pfd. Cum. Redeem. Series L ,vno.prl,united states,xnys,diversified reits
Vornado Realty Trust 6.5% Pfd. Series A ,vnorp,united states,ootc,diversified reits
Vornado Realty Trust Pfd. Series O ,vno.pro,united states,xnys,diversified reits
Vortex Brands Co. ,vtxb,united states,ootc,sports goods
Vortex Consolidated Bhd ,0060,malaysia,xkls,software
Vortex Metals Inc. ,vms,canada,xtsx,shell companies
Vortiv Ltd. ,vor,australia,xasx,software
Voss Veksel og Landmandsbank ASA ,vvl,norway,xosl,banking
Vossloh AG ,0n2z,united kingdom,xlon,railroads
Vossloh AG ,vos,united states,xetr,railroads
VOTI Detection Inc. ,voti,canada,xtsx,precision products
Votum S.A. ,vot,poland,xwar,non-life insurance
Vow ASA ,vow,norway,xosl,industrial machinery
Vow Green Metals A/S ,vgm,norway,xosl,environment/waste management
Vox Royalty Corp. ,vox,canada,xtsx,general mining
Vox Royalty Corp. ,voxcf,united states,ootc,general mining
Voxel S.A. ,vox,poland,xwar,healthcare provision
voxeljet AG ADR ,vjet,united states,xnas,computers/consumer electronics
voxeljet AG ADR ,vx8b,germany,xfra,computers/consumer electronics
Voxtur Analytics Corp. ,vxtr,canada,xtsx,software
Voxtur Analytics Corp. ,vxtrf,united states,ootc,software
VOXX International Corp. Cl A ,voxx,united states,xnas,audio/video equipment
Voya Financial Inc. ,voya,united states,xnys,investment advisors
Voya Financial Inc. Dep. Pfd. (Rep. 1/40th Pfd. Series B) ,voya.prb,united states,xnys,investment advisors
Voyager Digital Ltd. ,vygvf,united states,ootc,securities
Voyager Digital Ltd. ,voyg,canada,xtse,securities
Voyager Metals Inc. ,vone,canada,xtsx,general mining
Voyager Therapeutics Inc. ,vygr,united states,xnas,biotechnology
Voyageur Mineral Explorers Corp. ,voy,canada,xcnq,general mining
Voyageur Pharmaceuticals Ltd. ,vyyrf,united states,ootc,general mining
Voyageur Pharmaceuticals Ltd. ,vm,canada,xtsx,general mining
Voyageurs du Monde S.A. ,alvdm,france,xpar,tourism
VP Bank AG ,vpbn,switzerland,xswx,banking
VP Bank AG ,0rg7,united kingdom,xlon,banking
VP PLC ,vp,united kingdom,xlon,general services
VPC Impact Acquisition Holdings II Cl A ,vpcb,united states,xnas,shell companies
VPC Impact Acquisition Holdings II Wt ,vpcbw,united states,xnas,None
VPN Technologies Inc. ,srbbf,united states,ootc,internet/online
VPower Group International Holdings Ltd. ,1608,hong kong,xhkg,industrial electronics
VPR Brands L.P. ,vprb,united states,ootc,tobacco
VR Factory Games S.A. ,vrf,poland,xwar,computer services
VR Films & Studios Ltd. 144A ,542654,india,xbom,motion picture/sound recording
VR Resources Ltd. ,vrrcf,united states,ootc,non-ferrous metals
VR Resources Ltd. ,vrr,canada,xtsx,non-ferrous metals
Vrancart S.A. ,vnc,romania,xbse,containers/packaging
Vranken-Pommery Monopole S.A. ,0j7d,united kingdom,xlon,alcoholic beverages/drinks
Vranken-Pommery Monopole S.A. ,vrap,france,xpar,alcoholic beverages/drinks
VRC Real Estate & Investment JSC ,vrc,vietnam,xstc,real estate developers
VRG S.A. ,vrg,poland,xwar,clothing
VRL Logistics Ltd. ,539118,india,xbom,None
Vroom Inc. ,vrm,united states,xnas,specialty retail
VRX Silica Ltd. ,vrx,australia,xasx,general mining
VS Industry Bhd ,6963,malaysia,xkls,industrial electronics
VSBLTY Groupe Technologies Corp. ,vsby,canada,xcnq,internet/online
VSBLTY Groupe Technologies Corp. ,vsbgf,united states,ootc,internet/online
VSBLTY Groupe Technologies Corp. Wt ,vsby.wt,canada,xcnq,None
VSBLTY Groupe Technologies Corp. Wt ,vsby.wta,canada,xcnq,None
VSE Corp. ,vsec,united states,xnas,transportation services
VSF Projects Ltd. ,519331,india,xbom,construction
VSMPO AVISMA Corp. ,vsmo,russia,misx,industrial products
Vsolar Group Bhd ,0066,malaysia,xkls,software
VST Industries Ltd. ,509966,india,xbom,tobacco
VST Tillers Tractors Ltd. ,531266,india,xbom,mobile machinery
VSTECS Bhd ,5162,malaysia,xkls,wholesalers
VSTECS Holdings Ltd. ,856,hong kong,xhkg,computer services
VT GMP Co. Ltd. ,018290,south korea,xkrx,industrial machinery
VT Holdings Co. Ltd. ,7593,japan,xtks,specialty retail
VT Industrial Technology Co. Ltd. A ,300707,china,xshe,motor vehicle parts
VT5 Acquisition Co. AG ,vt5,switzerland,xswx,shell companies
V-Tac Technology Co. Ltd. ,6229,taiwan,roco,semiconductors
VTB Bank ,vtbr,russia,misx,banking
VTC Telecommunications JSC ,vtc,vietnam,hstc,wired telecommunications services
VTech Holdings Ltd. ,303,hong kong,xhkg,toys & games
VTech Holdings Ltd. ,vtklf,united states,ootc,toys & games
VTech Holdings Ltd. ADR ,vtkly,united states,ootc,toys & games
VTEX ,vtex,united states,xnys,internet/online
Vtion Wireless Technology AG ,v33,germany,xham,networking
VTM Ltd. ,532893,india,xbom,clothing
Vtron Group Co. Ltd. A ,002308,china,xshe,precision products
vTv Therapeutics Inc. Cl A ,vtvt,united states,xnas,pharmaceuticals
Vu Dang Investment & Trading JSC ,svd,vietnam,xstc,clothing
Vukile Property Fund Ltd. ,vke,south africa,xjse,mutual & other funds
Vulcabras S/A Ord ,vulc3,brazil,bvmf,footwear
Vulcan Energy Resources Ltd. ,vul,australia,xasx,non-ferrous metals
Vulcan Energy Resources Ltd. ,vulnf,united states,ootc,non-ferrous metals
Vulcan Energy Resources Ltd. ,vul,united states,xetr,non-ferrous metals
Vulcan Industrial & Mining Corp. ,vul,philippines,xphs,general mining
Vulcan International Corp. ,vulc,united states,ootc,industrial products
Vulcan Materials Co. ,0lrk,united kingdom,xlon,building materials/products
Vulcan Materials Co. ,vmc,united states,xnys,building materials/products
Vulcan Minerals Inc. ,vul,canada,xtsx,general mining
Vulcan Minerals Inc. ,vulmf,united states,ootc,general mining
Vulcan Steel Ltd. ,vsl,australia,xasx,iron/steel
Vulcan Steel Ltd. ,vsl,new zealand,xnze,iron/steel
Vunani Ltd. ,vun,south africa,xjse,investment advisors
Vuno Inc. ,338220,south korea,xkrx,medical equipment/supplies
Vuzix Corp. ,vuzi,united states,xnas,emerging technologies
Vuzix Corp. ,0lrl,united kingdom,xlon,emerging technologies
VV Food & Beverage Co. Ltd. A ,600300,china,xshg,food products
VVC Exploration Corp. ,vvc,canada,xtsx,general mining
VVC Exploration Corp. ,vvcvf,united states,ootc,general mining
VVMI La Hien Cement JSC ,clh,vietnam,hstc,building materials/products
Vy Global Growth ,vygg.ut,united states,xnys,shell companies
Vy Global Growth Cl A ,vygg,united states,xnys,shell companies
Vy Global Growth Wt ,vygg.wt,united states,xnys,None
Vyant Bio Inc. ,vynt,united states,xnas,biotechnology
Vyborg Shipyard ,vsyd,russia,misx,water transport/shipping
Vyborg Shipyard Pfd. ,vsydp,russia,misx,water transport/shipping
Vycor Medical Inc. ,vyco,united states,ootc,medical equipment/supplies
VYNE Therapeutics Inc. ,vyne,united states,xnas,biotechnology
Vysarn Ltd. ,vys,australia,xasx,shell companies
Vystar Corp. ,vyst,united states,ootc,industrial products
Vytrus Biotech S.A. ,vyt,spain,xmad,biotechnology
VZ Holding AG ,vzn,switzerland,xswx,investment advisors
V-ZUG Holding AG ,vzug,switzerland,xswx,housewares
Viking Offshore & Marine Ltd. ,1y1,singapore,xses,water transport/shipping
Viking Supply Ships AB Series B ,vssab.b,sweden,xsto,water transport/shipping
Viking Tech Corp. ,3624,taiwan,roco,industrial electronics
Viking Therapeutics Inc. ,vktx,united states,xnas,biotechnology
Vikram Thermo (India) Ltd. ,530477,india,xbom,chemicals
Vilkyskiu Pienine AB ,vlp1l,lithuania,xlit,food products
Villa Azur Inversiones S.A. ,s0751,spain,xmad,mutual & other funds
Villa Kunalai PCL ,kun,thailand,xbkk,real estate developers
Village Bank & Trust Financial Corp. ,vbfc,united states,xnas,banking
Village Farms International Inc. ,vff,united states,xnas,farming
Village Super Market Inc. Cl A ,vlgea,united states,xnas,food retail
Villar International Ltd. ,vilr,israel,xtae,real estate developers
Villars Holding S.A. ,viln,switzerland,xswx,restaurants
Villeroy & Boch AG Pfd. ,vib3,united states,xetr,building materials/products
Villeroy & Boch AG Pfd. ,0opa,united kingdom,xlon,building materials/products
Vilmorin & Cie. ,0hjc,united kingdom,xlon,farming
Vilmorin & Cie. ,rin,france,xpar,farming
Vilniaus Baldai AB ,vbl1l,lithuania,xlit,furniture
Vimeco JSC ,vmc,vietnam,hstc,construction
Vimedimex Medi-Pharma JSC ,vmd,vietnam,xstc,pharmaceuticals
Vimeo Inc. ,vmeo,united states,xnas,internet/online
Vimi Fasteners S.p.A. ,vim,italy,xmil,industrial products
Vimian Group AB ,vimian,sweden,xsto,healthcare provision
Vimta Labs Ltd. ,524394,india,xbom,None
Vimy Resources Ltd. ,vmy,australia,xasx,non-ferrous metals
Vimy Resources Ltd. ,vmrsf,united states,ootc,non-ferrous metals
Vina Concha y Toro S.A. ,conchatoro,chile,xsgo,alcoholic beverages/drinks
Vina San Pedro Tarapaca S.A. ,vspt,chile,xsgo,alcoholic beverages/drinks
Vina Santa Rita S.A. ,santarita,chile,xsgo,alcoholic beverages/drinks
Vina Technology Co. Ltd. ,126340,south korea,xkrx,industrial electronics
VINA2 Investment & Construction JSC ,vc2,vietnam,hstc,construction
Vinacafe Bien Hoa JSC ,vcf,vietnam,xstc,non-alcoholic beverages/drinks
Vinacomin Coal Import Export JSC ,clm,vietnam,hstc,wholesalers
Vinacomin Northern Coal Trading JSC ,tmb,vietnam,hstc,coal
Vinacomin Power Holding Corp. ,dtk,vietnam,hstc,electric utilities
Vinacomin-Coc Sau Coal ,tc6,vietnam,hstc,coal
Vinacomin-Deo Nai Coal JSC ,tdn,vietnam,hstc,coal
Vinacomin-Ha Tu Coal JSC ,tht,vietnam,hstc,coal
Vinacomin-Machinery JSC ,ctt,vietnam,hstc,mobile machinery
Vinacomin-Nui Beo Coal JSC ,nbc,vietnam,hstc,coal
Vinacomin-Viet Bac Mining Holding Corp. ,mvb,vietnam,hstc,coal
Vinaconex 21 JSC ,v21,vietnam,hstc,construction
Vinaconex Trading & Manpower JSC ,vcm,vietnam,hstc,employment/training services
Vinacontrol Group JSC ,vnc,vietnam,hstc,technical services
Vinafreight International Freight Forwarders JSC ,vnf,vietnam,hstc,transportation services
Vinalink International Freight Forwarders JSC ,vnl,vietnam,xstc,transportation services
Vinam JSC ,cvn,vietnam,hstc,construction
Vinati Organics Ltd. ,524200,india,xbom,chemicals
Vince Holding Corp. ,vnce,united states,xnys,clothing retail
Vincent Medical Holdings Ltd. ,1612,hong kong,xhkg,medical equipment/supplies
Vincenzo Zucchi S.p.A. ,zuc,italy,xmil,housewares
Vincerx Pharma Inc. ,vinc,united states,xnas,biotechnology
Vinci Partners Investment Ltd. ,vinp,united states,xnas,investment advisors
Vinci S.A. ,dg,france,xpar,construction
Vinci S.A. ,dg,austria,xwbo,construction
Vinci S.A. ,0nqm,united kingdom,xlon,construction
Vinci S.A. ,squ,united states,xetr,construction
Vinci S.A. ,vcisf,united states,ootc,construction
Vinci S.A. ADR ,vcisy,united states,ootc,construction
Vincit Oyj ,vincit,finland,xhel,software
Vinco Financial Group Ltd. ,8340,hong kong,xhkg,investment advisors
Vinco Ventures Inc. ,bbig,united states,xnas,investment advisors
Vincom Retail JSC ,vre,vietnam,xstc,mixed retailing
Vinda International Holdings Ltd. ,vdahf,united states,ootc,nondurable household products
Vinda International Holdings Ltd. ,3331,hong kong,xhkg,nondurable household products
Vinda International Holdings Ltd. ADR ,vdahy,united states,ootc,nondurable household products
Vindhya Telelinks Ltd. ,517015,india,xbom,industrial electronics
Vindicator Silver-Lead Mining Co. ,vins,united states,ootc,precious metals
VINECO.SSM Steel Structure Manufacturing JSC ,ssm,vietnam,hstc,building materials/products
Vinedos Emiliana S.A. ,emiliana,chile,xsgo,alcoholic beverages/drinks
Vineet Laboratories Ltd. ,543298,india,xbom,pharmaceuticals
Vinergy Capital Inc. ,vnnyf,united states,ootc,farming
Vinergy Capital Inc. ,vin,canada,xcnq,farming
Vingroup JSC ,vic,vietnam,xstc,real estate developers
Vinh Hoan Corp. ,vhc,vietnam,xstc,food products
Vinh Khanh Cable-Plastic Corp. ,vkc,vietnam,hstc,industrial electronics
Vinh Phuc Infrastructure Development JSC ,idv,vietnam,hstc,real estate developers
Vinh Plastic & Bags JSC ,vbc,vietnam,hstc,containers/packaging
Vinh Son-Song Hinh Hydropower JSC ,vsh,vietnam,xstc,renewable energy generation
Vinhomes JSC ,vhm,vietnam,xstc,residential building construction
Vintage Coffee & Beverages Ltd. ,538920,india,xbom,non-alcoholic beverages/drinks
Vintage Energy Ltd. ,ven,australia,xasx,oil extraction
Vintage Wine Estates Inc. ,vwe,united states,xnas,alcoholic beverages/drinks
Vintage Wine Estates Inc. Wt ,vweww,united states,xnas,None
Vintcom Technology PCL ,vcom,thailand,xbkk,computer services
Vinte Viviendas Integrales S.A.B. de C.V. ,vinte,mexico,xmex,residential building construction
Vintron Informatics Ltd. ,517393,india,xbom,precision products
Vinvest Capital Holdings Bhd ,0069,malaysia,xkls,construction
VINX Corp. ,3784,japan,xtks,software
Vinyl Chemicals (India) Ltd. ,524129,india,xbom,None
Vinyoflex Ltd. ,530401,india,xbom,industrial products
Vinzavod Asenovgrad AD ,vina,bulgaria,xbul,alcoholic beverages/drinks
Viohalco S.A. ,vio,belgium,xbru,non-ferrous metals
Viohalco S.A. ,vio,greece,xath,non-ferrous metals
Viol Co. Ltd. ,335890,south korea,xkrx,shell companies
Viomi Technology Co. Ltd. ADR ,viot,united states,xnas,housewares
Vior Inc. ,viorf,united states,ootc,gold
Vior Inc. ,vio,canada,xtsx,gold
VIP Clothing Ltd. ,532613,india,xbom,clothing
VIP Gloves Ltd. ,vip,australia,xasx,clothing
Viper Energy Partners L.P. Un ,vnom,united states,xnas,oil extraction
Viper Networks Inc. ,vper,united states,ootc,semiconductors
Vippy Spinpro Ltd. ,514302,india,xbom,clothing
Vipshop Holdings Ltd. ADR ,1vpa,germany,xfra,mixed retailing
Vipshop Holdings Ltd. ADR ,vips,united states,xnys,mixed retailing
Vipul Ltd. ,511726,india,xbom,None
Vipul Organics Ltd. ,530627,india,xbom,chemicals
VIQ Solutions Inc. ,vqs,canada,xtse,software
VIQ Solutions Inc. ,vqs,united states,xnas,software
Vir Biotechnology Inc. ,vir,united states,xnas,biotechnology
Viracta Therapeutics Inc. ,virx,united states,xnas,biotechnology
Virat Crane Industries Ltd. ,519457,india,xbom,food products
Virat Industries Ltd. ,530521,india,xbom,clothing
Viratech Corp. ,vira,united states,ootc,biotechnology
Virbac S.A. ,0nm7,united kingdom,xlon,pharmaceuticals
Virbac S.A. ,virp,france,xpar,pharmaceuticals
Virco Manufacturing Corp. ,virc,united states,xnas,furniture
VirExit Technologies Inc. ,vxit,united states,ootc,diversified business services
Virgin Galactic Holdings Inc. ,spce,united states,xnys,passenger airlines
Virgin Group Acquisition Corp. II ,vgii.ut,united states,xnys,shell companies
Virgin Group Acquisition Corp. II Cl A ,vgii,united states,xnys,shell companies
Virgin Group Acquisition Corp. II Wt ,vgii.wt,united states,xnys,None
Virgin Money UK PLC ,vmuk,united kingdom,xlon,banking
Virgin Orbit Holdings Inc. ,vorb,united states,xnas,aerospace products/parts
Virgin Orbit Holdings Inc. Wt ,vorbw,united states,xnas,None
Virgin Wines UK PLC ,vino,united kingdom,xlon,food retail
Virginia Energy Resources Inc. ,vegyf,united states,ootc,non-ferrous metals
Virginia Energy Resources Inc. ,vui,canada,xtsx,non-ferrous metals
Virginia National Bankshares Corp. ,vabk,united states,xnas,banking
Viridian Therapeutics Inc. ,0k1r,united kingdom,xlon,biotechnology
Viridian Therapeutics Inc. ,vrdn,united states,xnas,biotechnology
Viridis Mining & Minerals Ltd. ,vmm,australia,xasx,general mining
Virinchi Ltd. ,532372,india,xbom,software
Virios Therapeutics Inc. ,viri,united states,xnas,biotechnology
VirnetX Holding Corp. ,vhc,united states,xnys,software
Viro Tvornica Secera d.d. ,viro,croatia,xzag,food products
ViroGates A/S ,viro,denmark,xcse,medical equipment/supplies
Viropro Inc. ,vpro,united states,ootc,biotechnology
Virpax Pharmaceuticals Inc. ,vrpx,united states,xnas,pharmaceuticals
Virscend Education Co. Ltd. ,1565,hong kong,xhkg,consumer services
VIRSI-A A.S. ,virsi,latvia,xris,specialty retail
VirTra Inc. ,vtsi,united states,xnas,software
Virtu Financial Inc. ,virt,united states,xnas,securities
Virtual Global Education Ltd. ,534741,india,xbom,employment/training services
Virtual Interactive Technologies Corp. ,vrvr,united states,ootc,general mining
Virtual Medical International Inc. ,qebr,united states,ootc,healthcare provision
Virtual Mind Holding Co. Ltd. ,1520,hong kong,xhkg,clothing
Virtualex Holdings Inc. ,6193,japan,xtks,diversified business services
VirtualSoft Systems Ltd. ,531126,india,xbom,software
Virtus AllianzGI Convertible & Income Fund 5.625% Pfd. Series A ,ncv.pra,united states,xnys,closed-end funds
Vicinity Centres ,vcx,australia,xasx,retail reits
Vicinity Motor Corp. ,vev,united states,xnas,commercial vehicles
Vicinity Motor Corp. ,vmc,canada,xtsx,commercial vehicles
Vickers Vantage Corp. I ,vckau,united states,xnas,shell companies
Vickers Vantage Corp. I ,vcka,united states,xnas,shell companies
Vickers Vantage Corp. I Wt ,vckaw,united states,xnas,None
Vico International Holdings Ltd. ,1621,hong kong,xhkg,wholesalers
Vicom Ltd. ,wjp,singapore,xses,technical services
Vicon Holdings Ltd. ,3878,hong kong,xhkg,construction
Vicor Corp. ,vicr,united states,xnas,industrial electronics
Vicore Pharma Holding AB ,vico,sweden,xsto,pharmaceuticals
Vicostone JSC ,vcs,vietnam,hstc,building materials/products
VicPlas International Ltd. ,569,singapore,xses,medical equipment/supplies
Victek Co. Ltd. ,065450,south korea,xkrx,defense equipment/products
Victoria Care Indonesia ,vici,indonesia,xidx,personal care products/appliances
Victoria Gold Corp. ,vgcx,canada,xtse,gold
Victoria Gold Corp. ,vitff,united states,ootc,gold
Victoria Insurance ,vins,indonesia,xidx,non-life insurance
Victoria Investama ,vico,indonesia,xidx,finance companies
Victoria Lake Inc. ,lvca,united states,ootc,gold
Victoria Mills Ltd. ,503349,india,xbom,clothing
Victoria PLC ,vcp,united kingdom,xlon,building materials/products
Victorian Plumbing Group PLC ,vic,united kingdom,xlon,home goods retail
Victorias Milling Co. Inc. ,vmc,philippines,xphs,food products
Victoria's Secret & Co. ,vsco,united states,xnys,clothing retail
Victory Bancorp Inc. ,vtyb,united states,ootc,banking
Victory Capital Holdings Inc. Cl A ,vctr,united states,xnas,investment advisors
Victory Giant Technology Huizhou Co. Ltd. A ,300476,china,xshe,semiconductors
Victory Goldfields Ltd. ,1vg,australia,xasx,gold
Victory Marine Holdings Corp. ,vmhg,united states,ootc,industrial electronics
Victory New Materials Ltd. Co. ,1340,taiwan,xtai,footwear
Victory Offices Ltd. ,vol,australia,xasx,real estate developers
Victory Oilfield Tech Inc. ,vyey,united states,ootc,oil extraction
Victory Production & Co. ,210120,south korea,xkon,motion picture/sound recording
Victory Resources Corp. ,vr,canada,xcnq,non-ferrous metals
Victory Resources Corp. ,vrcff,united states,ootc,non-ferrous metals
Victory Securities (Holdings) Co. Ltd. ,8540,hong kong,xhkg,securities
Victory Square Technologies Inc. ,vsqtf,united states,ootc,investment advisors
Victory Square Technologies Inc. ,vst,canada,xcnq,investment advisors
Victory Supermarket Chain Ltd. ,vctr,israel,xtae,food retail
Victrex PLC ,vct,united kingdom,xlon,chemicals
Victrex PLC ,vtxpf,united states,ootc,chemicals
Victura Construction Group Inc. ,vict,united states,ootc,construction
Vidachim AD ,vida,bulgaria,xbul,tires
Vidaroo Corp. ,vida,united states,ootc,broadcasting
VIDAVO S.A. ,vidavo,greece,xath,computer services
Vidente Co. Ltd. ,121800,south korea,xkrx,industrial electronics
Video Display Corp. ,vide,united states,ootc,audio/video equipment
Video River Networks Inc. ,nihk,united states,ootc,networking
Videolocity International Inc. ,vcty,united states,ootc,software
Vidhi Specialty Food Ingredients Ltd. ,531717,india,xbom,chemicals
Vidipha Central Pharmaceutical JSC ,vdp,vietnam,xstc,pharmaceuticals
ViDiS S.A. ,vds,poland,xwar,computers/consumer electronics
Vidler Water Resouces Inc. ,vwtr,united states,xnas,water utilities
Vidli Restaurants Ltd. ,539659,india,xbom,restaurants
Vidmes Financial S.A. ,s3016,spain,xmad,mutual & other funds
Vidrala S.A. ,vid,spain,xmad,containers/packaging
Vidrala S.A. ,0nv7,united kingdom,xlon,containers/packaging
Vidriola Inversiones S.A. ,s3018,spain,xmad,mutual & other funds
Vidullanka PLC ,vll.n0000,sri lanka,xcol,renewable energy generation
Vidullanka PLC X ,vll.x0000,sri lanka,xcol,renewable energy generation
Viel et Cie. ,vil,france,xpar,securities
Viemed Healthcare Inc. ,vmd,canada,xtse,healthcare provision
Viemed Healthcare Inc. ,vmd,united states,xnas,healthcare provision
Vien Dong Investment Development Trading Corp. ,vid,vietnam,xstc,paper/pulp
Vien Lien JSC ,uni,vietnam,hstc,networking
Vienna Insurance Group ,0mzx,united kingdom,xlon,full-line insurance
Vienna Insurance Group ,vig,czech republic,xpra,full-line insurance
Vienna Insurance Group ,wsv2,germany,xfra,full-line insurance
Vienna Insurance Group ,vig,austria,xwbo,full-line insurance
Viet Brand Invest JSC ,abr,vietnam,xstc,mixed retailing
Viet Dragon Securities Corp. ,vds,vietnam,xstc,securities
Viet Nam Enteco Corp. ,gma,vietnam,hstc,mobile machinery
Viet Nam Forestry Corp. ,vif,vietnam,hstc,forestry & wood products
Viet Nam Gas & Chemicals Transportation Corp. ,pct,vietnam,hstc,pipeline transportation
Viet Nam Renewable Energy Group JSC ,dl1,vietnam,hstc,"passenger transport, other"
Viet Phat Import Export Trading Investment JSC ,vpg,vietnam,xstc,transportation services
Viet Thai Electric Cable Corp. ,vth,vietnam,hstc,industrial electronics
Viet Thang Corp. ,tvt,vietnam,xstc,clothing
Viet Thanh Plastic Trading & Manufacturing JSC ,vtz,vietnam,hstc,housewares
Viet Tien Son Real Estate Holding JSC ,aav,vietnam,hstc,real estate developers
Viet Tri Chemical JSC ,hvt,vietnam,hstc,chemicals
VietCapital Securities JSC ,vci,vietnam,xstc,securities
Viet-Duc Welding Electrode JSC ,qhd,vietnam,hstc,industrial electronics
VietJet Aviation JSC ,vjc,vietnam,xstc,passenger airlines
Vietnam Airlines JSC ,hvn,vietnam,xstc,passenger airlines
Vietnam Bank for Industry & Trade Securities JSC ,cts,vietnam,xstc,securities
Vietnam Construction & Import-Export JSC ,vcg,vietnam,xstc,construction
Vietnam Container Shipping JSC ,vsc,vietnam,xstc,water transport/shipping
Vietnam Dairy Products JSC ,vnm,vietnam,xstc,food products
Vietnam Electric Cable Corp. ,cav,vietnam,xstc,industrial electronics
Vietnam Electricity Construction 2 JSC ,ve2,vietnam,hstc,construction
Vietnam Electricity Construction JSC ,vne,vietnam,xstc,construction
VietNam Enterprise Investment & Development JSC ,fid,vietnam,hstc,wholesalers
Vietnam Export Import Commercial JS Bank ,eib,vietnam,xstc,banking
Vietnam Fumigation JSC ,vfg,vietnam,xstc,chemicals
Vietnam Germany Steel Pipe JSC ,vgs,vietnam,hstc,iron/steel
Vietnam Herbs & Foods JSC ,vhe,vietnam,hstc,non-alcoholic beverages/drinks
Vietnam Industrial & Commercial Securities Co. ,vig,vietnam,hstc,securities
Vietnam International Commercial Joint Stock Bank ,vib,vietnam,xstc,banking
Vietnam Investment Construction & Trading JSC ,ctx,vietnam,hstc,construction
Vietnam Joint-Stock Commercial Bank for Industry & Trade ,ctg,vietnam,xstc,banking
Vietnam Manufacturing & Export Processing (Holdings) Ltd. ,422,hong kong,xhkg,automobiles
Vietnam Maritime Commercial JS Bank ,msb,vietnam,xstc,banking
Vietnam Maritime Development JSC ,vms,vietnam,hstc,water transport/shipping
Vietnam National Petroleum Group ,plx,vietnam,xstc,oil & gas products/services
Vietnam National Reinsurance Corp. ,vnr,vietnam,hstc,reinsurance
Vietnam National Seed Group JSC ,nsc,vietnam,xstc,farming
Vietnam Ocean Shipping Agency Corp. ,vsa,vietnam,hstc,water transport/shipping
Vietnam Ocean Shipping JSC ,vos,vietnam,xstc,water transport/shipping
Vietnam Pesticide JSC ,vps,vietnam,xstc,chemicals
Vietnam Petroleum Transport JSC ,vip,vietnam,xstc,water transport/shipping
Vietnam Power Development JSC ,vpd,vietnam,xstc,electric utilities
Vietnam Prosperity JS Commercial Bank ,vpb,vietnam,xstc,banking
Vietnam Real Estate Investment JSC ,pvl,vietnam,hstc,real estate developers
Vietnam Rubber Group JSC ,gvr,vietnam,xstc,industrial products
Vietnam Sun Corp. ,vns,vietnam,xstc,"passenger transport, other"
Vietnam Tanker JSC ,vto,vietnam,xstc,water transport/shipping
Vietnam Technological & Commercial JS Bank ,tcb,vietnam,xstc,banking
Viettel Construction JSC ,ctr,vietnam,xstc,construction
Viettronics TanBinh JSC ,vtb,vietnam,xstc,computers/consumer electronics
View Inc. ,view,united states,xnas,building materials/products
View Inc. Wt ,vieww,united states,xnas,None
View Systems Inc. ,vsym,united states,ootc,precision products
ViewBix Inc. ,vbix,united states,ootc,software
Vieworks Co. Ltd. ,100120,south korea,xkrx,medical equipment/supplies
ViewRay Inc. ,vray,united states,xnas,medical equipment/supplies
Vifor Pharma AG ,0rpd,united kingdom,xlon,pharmaceuticals
Vifor Pharma AG ,vifn,switzerland,xswx,pharmaceuticals
Vifrana S.A. ,biow,romania,xbse,farming
ViGenCell Inc. ,308080,south korea,xkrx,biotechnology
Vigil Neuroscience Inc. ,vigl,united states,xnas,biotechnology
Viglacera Corp. ,vgc,vietnam,xstc,building materials/products
Viglacera Ha Long JSC ,vhl,vietnam,hstc,building materials/products
Viglacera Tien Son JSC ,vit,vietnam,hstc,building materials/products
VIGO System S.A. ,vgo,poland,xwar,precision products
Vigor Kobo Co. Ltd. ,2733,taiwan,roco,food products
Vijay Solvex Ltd. ,531069,india,xbom,food products
Vijay Textiles Ltd. ,530151,india,xbom,clothing
Vijaya Diagnostic Centre Ltd. ,543350,india,xbom,healthcare provision
Viji Finance Ltd. ,537820,india,xbom,finance companies
Vikalp Securities Ltd. ,531334,india,xbom,finance companies
Vikas EcoTech Ltd. ,530961,india,xbom,None
Vikas Multicorp Ltd. ,542655,india,xbom,None
Vikas Proppant & Granite Ltd. ,531518,india,xbom,chemicals
Vikas WSP Ltd. ,519307,india,xbom,chemicals
Viking Energy Group Inc. ,vkin,united states,ootc,shell companies
Viking Kagit ve Seluloz A.S. ,vking.e,turkey,xist,nondurable household products
Viking Line ABP ,vik1v,finland,xhel,water transport/shipping
Viking Mines Ltd. ,vka,australia,xasx,gold
Veritas (India) Ltd. ,512229,india,xbom,chemicals
Veritas Farms Inc. ,vfrm,united states,ootc,pharmaceuticals
Veritas Kapital Assurance PLC ,veritaskap,nigeria,xnsa,non-life insurance
Verite Co. Ltd. ,9904,japan,xtks,clothing retail
Veritec Inc. ,vrtc,united states,ootc,software
Veritex Holdings Inc. ,vbtx,united states,xnas,banking
Veritiv Corp. ,vrtv,united states,xnys,printing
Veritiv Corp. ,0lp2,united kingdom,xlon,printing
Veritone Inc. ,veri,united states,xnas,emerging technologies
Verizon Communications Inc. ,0q1s,united kingdom,xlon,wireless telecommunications services
Verizon Communications Inc. ,bac,united states,xetr,wireless telecommunications services
Verizon Communications Inc. ,vz,united states,xnys,wireless telecommunications services
Verkkokauppa.com Oyj ,verk,finland,xhel,mixed retailing
Vermilion Energy Inc. ,vet,canada,xtse,oil extraction
Vermilion Energy Inc. ,vet,united states,xnys,oil extraction
Verne Inc. ,322190,south korea,xkon,automobiles
Verney-Carron S.A. ,mlver,france,xpar,defense equipment/products
Verona Pharma PLC ADR ,vrna,united states,xnas,biotechnology
Verra Mobility Corp. Cl A ,vrrm,united states,xnas,precision products
Verra Mobility Corp. Wt ,vrrmw,united states,ootc,None
Verrica Pharmaceuticals Inc. ,vrca,united states,xnas,pharmaceuticals
VersaBank ,vbnk,united states,xnas,banking
VersaBank ,vbnk,canada,xtse,banking
VersaBank Non-Cum. Redeem. Pfd. Series 1 ,vbnk.pra,canada,xtse,banking
Versalink Holdings Ltd. ,40n,singapore,xses,furniture
Versarien PLC ,vrsrf,united states,ootc,industrial products
Versarien PLC ,vrs,united kingdom,xlon,industrial products
Versatile Creative Bhd ,4995,malaysia,xkls,containers/packaging
Versus Systems Inc. ,vs,united states,xnas,toys & games
Versus Systems Inc. Wt ,vssyw,united states,xnas,None
Vertex Corp. ,5290,japan,xtks,building materials/products
Vertex Energy Inc. ,vtnr,united states,xnas,environment/waste management
Vertex Inc. Cl A ,verx,united states,xnas,computer services
Vertex Minerals Ltd. ,vtx,australia,xasx,gold
Vertex Pharmaceuticals Inc. ,0qzu,united kingdom,xlon,pharmaceuticals
Vertex Pharmaceuticals Inc. ,vrtx,united states,xnas,pharmaceuticals
Vertex Pharmaceuticals Inc. ,vx1,united states,xetr,pharmaceuticals
Vertex Resource Group Ltd. ,vtx,canada,xtsx,environment/waste management
Vertex Securities Ltd. ,531950,india,xbom,securities
Vertex Technology Acquisition Corp. Ltd. ,vt1,singapore,xses,shell companies
Vertical Aerospace Ltd. ,evtl,united states,xnys,aerospace products/parts
Vertical Aerospace Ltd. Wt ,evtl.wt,united states,xnys,None
Vertical Explorations Inc. ,vert,canada,xtsx,general mining
Vertical International Holdings Ltd. ,8375,hong kong,xhkg,industrial electronics
VerticalScope Holdings Inc. ,fora,canada,xtse,internet/online
Vertice Bhd ,7240,malaysia,xkls,clothing retail
VertiKa for Industry & Trade ,vert,egypt,nilx,software
Vertiseit AB Series B ,vert.b,sweden,xsto,advertising/marketing/public relations
Vertisol Cartera S.A. ,s3006,spain,xmad,mutual & other funds
Vertiv Holdings LLC ,vrt,united states,xnys,industrial electronics
Vertoz Advertising Ltd. ,vertoz,india,xnse,advertising/marketing/public relations
Vertu Motors PLC ,vtu,united kingdom,xlon,specialty retail
Veru Inc. ,veru,united states,xnas,personal care products/appliances
Verus International Inc. ,vrus,united states,ootc,food retail
Verusa Holding A.S. ,verus.e,turkey,xist,finance companies
Verve Therapeutics Inc. ,verv,united states,xnas,biotechnology
Very Good Food Co. Inc. ,vgfc,united states,None,food products
Very Good Food Co. Inc. ,very,canada,xtsx,food products
Very Good Tour Co. Ltd. ,094850,south korea,xkrx,tourism
Veson Holdings Ltd. ,1399,hong kong,xhkg,industrial electronics
Vessel Co. Ltd. ,177350,south korea,xkrx,semiconductors
Vestas Wind Systems A/S ,vwsb,united states,xetr,industrial electronics
Vestas Wind Systems A/S ,vws,denmark,xcse,industrial electronics
Vestas Wind Systems A/S ,0nmk,united kingdom,xlon,industrial electronics
Vestas Wind Systems A/S ,vwsyf,united states,ootc,industrial electronics
Vestas Wind Systems A/S ADR ,vwsa,germany,xfra,industrial electronics
Vestas Wind Systems A/S ADR ,vwdry,united states,ootc,industrial electronics
Vestel Beyaz Esya Sanayi Ve Ticaret A.S. ,vesbe.e,turkey,xist,housewares
Vestel Elektronik Sanayi Ve Ticaret A.S. ,vestl.e,turkey,xist,housewares
Vestin Realty Mortgage I Inc. ,vrta,united states,ootc,mortgages
Vestjysk Bank A/S ,vjba,denmark,xcse,banking
Vestjysk Bank A/S ,0ggk,united kingdom,xlon,banking
Vestum AB ,vestum,sweden,xsto,finance companies
Vesuvius India Ltd. ,520113,india,xbom,None
Vesuvius PLC ,vsvs,united kingdom,xlon,technical services
Vesync Co. Ltd. ,2148,hong kong,xhkg,precision products
Veteranpoolen AB Series B ,vpab.b,sweden,xsat,employment/training services
Veto Switch Gears & Cables Ltd. ,539331,india,xbom,industrial electronics
Vetoquinol ,0o1o,united kingdom,xlon,pharmaceuticals
Vetoquinol ,veto,france,xpar,pharmaceuticals
Vetoquinol ,8jm,germany,xfra,pharmaceuticals
Vetropack Holding AG ,vetn,switzerland,xswx,containers/packaging
VEXILLA Vietnam Group JSC ,svn,vietnam,hstc,construction
Vext Science Inc. ,vext,canada,xcnq,farming
Vext Science Inc. ,vextf,united states,ootc,farming
Vext Science Inc. Wt ,vext.wt,canada,xcnq,None
Vext Science Inc. Wt ,vext.wta,canada,xcnq,None
VF Corp. ,0r30,united kingdom,xlon,clothing
VF Corp. ,vfc,united states,xnys,clothing
VFS Thread Dyeing Ltd. ,vfstdl,bangladesh,xdha,clothing
VG Life Sciences Inc. ,vgls,united states,ootc,pharmaceuticals
VGI Partners Asian Investments Ltd. ,vg8,australia,xasx,mutual & other funds
VGI Partners Global Investments Ltd. ,vg1,australia,xasx,mutual & other funds
VGI Partners Ltd. ,vgi,australia,xasx,investment advisors
VGI PCL ,vgi,thailand,xbkk,advertising/marketing/public relations
VGP N.V. ,vgp,belgium,xbru,real estate developers
VGP N.V. ,0hm0,united kingdom,xlon,real estate developers
VGTel Inc. ,vgtl,united states,ootc,diversified holding companies
V-Guard Industries Ltd. ,532953,india,xbom,industrial electronics
Vh Global Sustainable Energy Opportunities PLC ,gseo,united kingdom,xlon,closed-end funds
VIA Holdings Inc. ,7918,japan,xtks,restaurants
VIA Labs Inc. ,6756,taiwan,xtai,semiconductors
VIA optronics AG ADR ,viao,united states,xnys,computers/consumer electronics
Via Renewables Inc. ,via,united states,xnas,electric utilities
Via Renewables Inc. 8.75% Perp. Pfd. Series A ,viasp,united states,xnas,electric utilities
Via Technologies Inc. ,2388,taiwan,xtai,semiconductors
Viaan Industries Ltd. ,537524,india,xbom,wholesalers
Viabuilt Ventures Inc. ,vbvt,united states,ootc,general mining
Viad Corp. ,vvi,united states,xnys,advertising/marketing/public relations
ViaDerma Inc. ,vdrm,united states,ootc,pharmaceuticals
Viafin Service Oyj ,viafin,finland,xhel,diversified business services
Vialife S.A. ,alvia,france,xpar,specialty retail
Vianet Group PLC ,vnet,united kingdom,xlon,emerging technologies
Vianini S.p.A. ,via,italy,xmil,building materials/products
Viant Technology Inc. ,dsp,united states,xnas,software
Viaplay Group AB Series A ,vplay.a,sweden,xsto,broadcasting
Viaplay Group AB Series B ,vplay.b,sweden,xsto,broadcasting
ViaSat Inc. ,0lpe,united kingdom,xlon,wireless telecommunications services
ViaSat Inc. ,vsat,united states,xnas,wireless telecommunications services
Viaspace Inc. ,vspc,united states,ootc,renewable energy generation
Viatanexis S.A. ,s3106,spain,xmad,mutual & other funds
Viatris Inc. ,vtrs,united states,xnas,pharmaceuticals
Viatron Technologies Inc. ,141000,south korea,xkrx,industrial electronics
Viavi Solutions Inc. ,viav,united states,xnas,networking
VIB Vermoegen AG ,vih1,united states,xetr,real estate developers
Vibe Growth Corp. ,vibe,canada,xcnq,specialty retail
Vibe Growth Corp. ,vibef,united states,ootc,specialty retail
Vibhavadi Medical Center PCL ,vibha,thailand,xbkk,healthcare provision
Vibra Energia S/A ADR ,petry,united states,ootc,specialty retail
Vibrant Global Capital Ltd. ,538732,india,xbom,finance companies
Vibrant Group Ltd. ,bip,singapore,xses,transportation services
VibroPower Corp. Ltd. ,bjd,singapore,xses,industrial electronics
VibroSense Dynamics AB ,vsd.b,sweden,xsat,medical equipment/supplies
Vicarious Surgical Inc. ,rbot,united states,xnys,medical equipment/supplies
Vicarious Surgical Inc. Wt ,rbot.wt,united states,xnys,None
Vicat S.A. ,0mgj,united kingdom,xlon,building materials/products
Vicat S.A. ,vct,france,xpar,building materials/products
Vicat S.A. ,4hm,germany,xfra,building materials/products
Vicem But Son Cement JSC ,bts,vietnam,hstc,building materials/products
VICEM Cement Trading JSC ,tmx,vietnam,hstc,building materials/products
Vicem Gypsum & Cement JSC ,txm,vietnam,hstc,building materials/products
VICEM Ha Tien Cement JSC ,ht1,vietnam,xstc,building materials/products
Vicem Hai Van Cement JSC ,hvx,vietnam,xstc,building materials/products
VICEM Hoang Mai Cement JSC ,hom,vietnam,hstc,building materials/products
VICEM Material Transport Cement JSC ,vtv,vietnam,hstc,building materials/products
Vicem Packaging Bim Son JSC ,bpc,vietnam,hstc,containers/packaging
Vicem Packaging But Son JSC ,bbs,vietnam,hstc,containers/packaging
Viceroy Hotels Ltd. ,523796,india,xbom,hotels
Vichitbhan Palmoil PCL ,vpo,thailand,xbkk,food products
VICI Properties Inc. ,vici,united states,xnys,real estate developers
Vectus Biosystems Ltd. ,vbs,australia,xasx,biotechnology
Vedan International (Holdings) Ltd. ,2317,hong kong,xhkg,food products
Vedant Fashions Ltd. ,543463,india,xbom,clothing
Vedanta Ltd. ,500295,india,xbom,iron/steel
Vedavaag Systems Ltd. ,533056,india,xbom,software
Vee S.A. ,vee,poland,xwar,software
Veeco Instruments Inc. ,veco,united states,xnas,semiconductors
Veejay Lakshmi Engineering Works Ltd. ,522267,india,xbom,industrial machinery
Veeko International Holdings Ltd. ,1173,hong kong,xhkg,clothing retail
VEEM Ltd. ,vee,australia,xasx,industrial machinery
Veer Energy & Infrastructure Ltd. ,503657,india,xbom,renewable energy generation
Veer Global Infraconstruction Ltd. ,543241,india,xbom,real estate developers
Veeram Securities Ltd. ,540252,india,xbom,jewelry & watches
Veerhealth Care Ltd. ,511523,india,xbom,pharmaceuticals
Veeva Systems Inc. Cl A ,veev,united states,xnys,software
VEF AB ,vefab,sweden,xsto,investment advisors
VEF AB Series AK ,vefff,united states,ootc,investment advisors
VEF AS ,vef1r,latvia,xris,real estate developers
Veg of Lund AB ,volab,sweden,xsto,non-alcoholic beverages/drinks
Vega Corp. Co. Ltd. ,3542,japan,xtks,home goods retail
Vegano Foods Inc. ,vagn,canada,xcnq,food products
Veganz Group AG ,vez,united states,xetr,food retail
Vegetable Oil Industries Co. Ltd. ,voic,palestine,xpae,food products
Vegetable Products Ltd. ,539132,india,xbom,food products
Veidekke ASA ,vei,norway,xosl,construction
Veidekke ASA ,0gf6,united kingdom,xlon,construction
Vejii Holdings Ltd. ,veji,canada,xcnq,food retail
Vejii Holdings Ltd. ,vejid,united states,ootc,food retail
Veken Technology Co. Ltd. A ,600152,china,xshg,industrial electronics
Vela Technologies PLC ,vela,united kingdom,xlon,advertising/marketing/public relations
Velaboit S.A. ,s2999,spain,xmad,mutual & other funds
Velan Hotels Ltd. ,526755,india,xbom,hotels
Velan Inc. ,vln,canada,xtse,industrial machinery
Velcan Holdings S.A. ,vlcn,luxembourg,xlux,renewable energy generation
Velesto Energy Bhd ,5243,malaysia,xkls,oil & gas products/services
Velgraf Asset Management AD ,vam,bulgaria,xbul,real estate developers
Veljan Denison Ltd. ,505232,india,xbom,industrial machinery
Velo3D Inc. ,vld,united states,xnys,printing
Velo3D Inc. Wt ,vld.wt,united states,xnys,None
Velocity Acquisition Corp. ,velou,united states,xnas,shell companies
Velocity Acquisition Corp. Cl A ,velo,united states,xnas,shell companies
Velocity Acquisition Corp. Wt ,velow,united states,xnas,None
Velocity Composites PLC ,vel,united kingdom,xlon,aerospace products/parts
Velocity Financial Inc. ,vel,united states,xnys,mortgages
Velocity Minerals Ltd. ,vlc,canada,xtsx,gold
Velocity Minerals Ltd. ,vlcjf,united states,ootc,gold
Velocys PLC ,vls,united kingdom,xlon,alternative fuels
Velocys PLC ,oxfcf,united states,ootc,alternative fuels
Velodyne Lidar Inc. ,vldr,united states,xnas,precision products
Velodyne Lidar Inc. Wt ,vldrw,united states,xnas,None
Veltex Corp. ,vlxc,united states,ootc,general services
Veltra Corp. ,7048,japan,xtks,tourism
Vemanti Group Inc. ,vmnt,united states,ootc,shell companies
Venator Materials PLC ,vntr,united states,xnys,chemicals
Vendetta Mining Corp. ,vdtaf,united states,ootc,general mining
Vendetta Mining Corp. ,vtt,canada,xtsx,general mining
Venky's (India) Ltd. ,523261,india,xbom,None
Venlon Enterprises Ltd. ,524038,india,xbom,chemicals
Ventana Biotech Inc. ,vnta,united states,ootc,biotechnology
Ventas Inc. ,vtr,united states,xnys,healthcare reits
Ventas Inc. ,0lo4,united kingdom,xlon,healthcare reits
Ventec International Group Co. Ltd. ,6672,taiwan,xtai,semiconductors
Vente-Unique.Com SAS ,alvu,france,xpar,home goods retail
Ventia Services Group Ltd. ,vnt,australia,xasx,investment advisors
Ventia Services Group Ltd. ,vnt,new zealand,xnze,investment advisors
Ventoux CCM Acquisition Corp. ,vtaq,united states,xnas,shell companies
Ventoux CCM Acquisition Corp. Rt ,vtaqr,united states,xnas,shell companies
Ventoux CCM Acquisition Corp. Wt ,vtaqw,united states,xnas,None
VentriPoint Diagnostics Ltd. ,vpt,canada,xtsx,medical equipment/supplies
VentriPoint Diagnostics Ltd. ,vptdf,united states,ootc,medical equipment/supplies
Ventura Textiles Ltd. ,516098,india,xbom,clothing
Venture Corp. Ltd. ,vemlf,united states,ootc,precision products
Venture Corp. Ltd. ,v03,singapore,xses,precision products
Venture Corp. Ltd. ADR ,vemly,united states,ootc,precision products
Venture INC ASI S.A. ,vti,poland,xwar,investment advisors
Venture Life Group PLC ,vlg,united kingdom,xlon,pharmaceuticals
Venture Minerals Ltd. ,vms,australia,xasx,non-ferrous metals
Venture Minerals Ltd. ,vtmlf,united states,ootc,non-ferrous metals
VentureNet Capital Group Inc. ,vntn,united states,ootc,investment advisors
Ventyx Biosciences Inc. ,vtyx,united states,xnas,biotechnology
VenueG Co. Ltd. ,019010,south korea,xkrx,mixed retailing
Venus Acquisition Corp. ,venau,united states,xnas,shell companies
Venus Acquisition Corp. ,vena,united states,xnas,shell companies
Venus Acquisition Corp. Rt ,venar,united states,xnas,shell companies
Venus Acquisition Corp. Wt ,venaw,united states,xnas,None
Venus Concept Inc. ,vero,united states,xnas,medical equipment/supplies
Venus Medtech Hangzhou Inc. ,2500,hong kong,xhkg,medical equipment/supplies
Venus Metals Corp. Ltd. ,vmc,australia,xasx,non-ferrous metals
Venus Remedies Ltd. ,526953,india,xbom,pharmaceuticals
Venustech Group Inc. A ,002439,china,xshe,software
Venzee Technologies Inc. ,venz,canada,xtsx,software
Venzee Technologies Inc. ,venzf,united states,ootc,software
Veolia Environnement S.A. ,vie,france,xpar,water utilities
Veolia Environnement S.A. ,veoef,united states,ootc,water utilities
Veolia Environnement S.A. ,0ny8,united kingdom,xlon,water utilities
Veolia Environnement S.A. ,vvd,united states,xetr,water utilities
Veolia Environnement S.A. ,vie,austria,xwbo,water utilities
Veolia Environnement S.A. ADR ,veoey,united states,ootc,water utilities
Veolia Environnement S.A. ADR ,vvdh,germany,xfra,water utilities
VEON Ltd. ,0ro7,united kingdom,xlon,wireless telecommunications services
VEON Ltd. ,veon,netherlands,xams,wireless telecommunications services
VEON Ltd. ADR ,veon,united states,xnas,wireless telecommunications services
VEON Ltd. ADR ,35v,germany,xfra,wireless telecommunications services
Vera Bradley Inc. ,vra,united states,xnas,clothing
Vera Synthetic Ltd. ,vera,india,xnse,clothing
Vera Therapeutics Inc. ,vera,united states,xnas,biotechnology
Veracyte Inc. ,vcyt,united states,xnas,biotechnology
Verallia Deutschland AG ,olg,germany,xfra,containers/packaging
Veranda Learning Solutions Ltd. ,543514,india,xbom,consumer services
Veranda Resort PCL ,vranda,thailand,xbkk,hotels
Verano Holdings Corp. ,vrno,canada,xcnq,pharmaceuticals
Verano Holdings Corp. ,vrnof,united states,None,pharmaceuticals
Verastem Inc. ,vstm,united states,xnas,biotechnology
Verb Technology Co. Inc. ,verb,united states,xnas,broadcasting
Verb Technology Co. Inc. Wt ,verbw,united states,xnas,None
Verbicom S.A. ,vrb,poland,xwar,networking
VERBIO Vereinigte BioEnergie AG ,vbk,united states,xetr,alternative fuels
VERBIO Vereinigte BioEnergie AG ,0nly,united kingdom,xlon,alternative fuels
Verbrec Ltd. ,vbc,australia,xasx,technical services
Verbund AG ,oezvf,united states,ootc,renewable energy generation
Verbund AG ,ver,austria,xwbo,renewable energy generation
Verbund AG ,0nr1,united kingdom,xlon,renewable energy generation
Verbund AG ,oewa,united states,xetr,renewable energy generation
Verbund AG ADR ,oezvy,united states,ootc,renewable energy generation
Vercom S.A. ,vrc,poland,xwar,software
Verde Agritech PLC ,npk,canada,xtse,general mining
Verde Agritech PLC ,amhpf,united states,ootc,general mining
Verde Bio Holdings Inc. ,vbhi,united states,ootc,software
Verde Resources Inc. ,vrdr,united states,ootc,gold
Verde Science Inc. ,vrci,united states,ootc,pharmaceuticals
Verditek PLC ,vdtk,united kingdom,xlon,industrial electronics
Verena Multi Finance ,vrna,indonesia,xidx,consumer finance
Vergnet S.A. ,alver,france,xpar,industrial electronics
Verianos SE ,vros,united states,xetr,real estate developers
Vericel Corp. ,vcel,united states,xnas,biotechnology
Verici Dx PLC ,vrci,united kingdom,xlon,medical equipment/supplies
Vericity Inc. ,very,united states,xnas,life insurance
Veridis Environment Ltd. ,vrds,israel,xtae,multiutilities
Verify Smart Corp. ,vsmr,united states,ootc,software
VerifyMe Inc. ,vrme,united states,xnas,software
VerifyMe Inc. Wt ,vrmew,united states,xnas,None
Verimatrix S.A. ,0qau,united kingdom,xlon,semiconductors
Verimatrix S.A. ,vmx,france,xpar,semiconductors
Verint Systems Inc. ,vrnt,united states,xnas,software
Veris Ltd. ,vrs,australia,xasx,technical services
Veris Residential Inc. ,vre,united states,xnys,industrial/office reits
VeriSign Inc. ,0loz,united kingdom,xlon,internet/online
VeriSign Inc. ,vrsn,united states,xnas,internet/online
VeriSilicon Microelectronics Shanghai Co. Ltd. A ,688521,china,xshg,semiconductors
Verisk Analytics Inc. ,vrsk,united states,xnas,computer services
Valuedesign Inc. ,3960,japan,xtks,consumer finance
ValueMax Group Ltd. ,t6i,singapore,xses,clothing retail
Valuence Holdings Inc. ,9270,japan,xtks,specialty retail
Valuence Merger Corp. I ,vmcau,united states,xnas,shell companies
Valuence Merger Corp. I Cl A ,vmca,united states,xnas,shell companies
Valuence Merger Corp. I Wt ,vmcaw,united states,xnas,None
VALUENEX Japan Inc. ,4422,japan,xtks,diversified business services
Valuer Holding A/S ,valuer,denmark,xcse,finance companies
Values Cultural Investment Ltd. ,1740,hong kong,xhkg,motion picture/sound recording
Valuetronics Holdings Ltd. ,bn2,singapore,xses,industrial electronics
Valvoline Inc. ,vvv,united states,xnys,chemicals
VAM Investments SPAC B.V. ,vam,netherlands,xams,shell companies
Vama Industries Ltd. ,512175,india,xbom,computer services
Vamshi Rubber Ltd. ,530369,india,xbom,tires
Van De Velde N.V. ,0iwv,united kingdom,xlon,clothing
Van De Velde N.V. ,van,belgium,xbru,clothing
Van Dien Fused Magnesium Phosphate Fertilizer JSC ,vaf,vietnam,xstc,chemicals
Van Elle Holdings PLC ,vanl,united kingdom,xlon,construction
Van Lang Technology Development & Investment JSC ,vla,vietnam,hstc,computer services
Van Phat Hung Corp. ,vph,vietnam,xstc,residential building construction
Van Phu Invest Investment JSC ,vpi,vietnam,xstc,real estate developers
Vanachai Group PCL ,vng,thailand,xbkk,forestry & wood products
Vanadian Energy Corp. ,vec,canada,xtsx,non-ferrous metals
Vanadian Energy Corp. ,urcff,united states,ootc,non-ferrous metals
Vanadium Resources Ltd. ,vr8,australia,xasx,general mining
Vanadiumcorp Resource Inc. ,vrb,canada,xtsx,non-ferrous metals
Vanadiumcorp Resource Inc. ,vrbff,united states,ootc,non-ferrous metals
Vanchip (Tianjin) Technology Co. Ltd. A ,688153,china,xshg,semiconductors
Vanda Pharmaceuticals Inc. ,vnda,united states,xnas,pharmaceuticals
Vandana Knitwear Ltd. ,532090,india,xbom,clothing
Vanet Gida Sanayi Ic ve Dis Ticaret A.S. ,vangd.e,turkey,xist,food products
Vanfund Urban Investment & Development Co. Ltd. A ,000638,china,xshe,diversified holding companies
Vang Danh Coal JSC Vinacomin ,tvd,vietnam,hstc,coal
Vango Mining Ltd. ,van,australia,xasx,gold
Vanguard International Semiconductor Corp. ,5347,taiwan,roco,semiconductors
Vani Commercials Ltd. ,538918,india,xbom,finance companies
VanJee Technology Co. Ltd. A ,300552,china,xshe,precision products
Vanke Overseas Investment Holding Co. Ltd. ,1036,hong kong,xhkg,real estate developers
Vanov Holdings Co. Ltd. ,2260,hong kong,xhkg,paper/pulp
Vanstar Mining Resources Inc. ,vmngf,united states,ootc,gold
Vanstar Mining Resources Inc. ,vsr,canada,xtsx,gold
Vanta Bioscience Ltd. ,540729,india,xbom,healthcare provision
Vantage Drilling Co. ,vtgdf,united states,ootc,oil & gas products/services
Vantage Drilling International ,vtdrf,united states,ootc,oil & gas products/services
Vantage Equities Inc. ,v,philippines,xphs,finance companies
Vantage Towers AG ,vtwr,united states,xetr,networking
Vantage Towers AG ADR ,vtagy,united states,ootc,networking
Vantea Smart S.p.A. ,vnt,italy,xmil,software
Vantone Neo Development Group Co. Ltd. A ,600246,china,xshg,real estate developers
Vapi Paper Mills Ltd. ,502589,india,xbom,paper/pulp
Vapiano SE ,vao,germany,xfra,restaurants
Vapor Group Inc. ,vpor,united states,ootc,tobacco
Vapor Hub International Inc. ,vhub,united states,ootc,tobacco
VaporBrands International Inc. ,vapr,united states,ootc,tobacco
Vapotherm Inc. ,vapo,united states,xnys,medical equipment/supplies
va-Q-tec AG ,vqt,united states,xetr,building materials/products
Var Energi ASA ,var,norway,xosl,oil extraction
Var Energi ASA ADR ,varry,united states,ootc,oil extraction
Vardhman Acrylics Ltd. ,vardhacrlc,india,xnse,chemicals
Vardhman Concrete Ltd. ,531444,india,xbom,building materials/products
Vardhman Holdings Ltd. ,500439,india,xbom,finance companies
Vardhman Polytex Ltd. ,514175,india,xbom,None
Vardhman Special Steels Ltd. ,534392,india,xbom,iron/steel
Vardhman Textiles Ltd. ,502986,india,xbom,None
Varengold Bank AG ,vg8,united states,xetr,securities
Varex Imaging Corp. ,vrex,united states,xnas,medical equipment/supplies
Varia US Properties AG ,varn,switzerland,xswx,real estate developers
Varia US Properties AG ,0rkw,united kingdom,xlon,real estate developers
Variman Global Enterprises Ltd. ,540570,india,xbom,computer services
VarioSecure Inc. ,4494,japan,xtks,computer services
Various Eateries PLC ,vare,united kingdom,xlon,restaurants
Variscan Mines Ltd. ,var,australia,xasx,general mining
Varonis Systems Inc. ,vrns,united states,xnas,software
Varopakorn PCL ,varo,thailand,xbkk,aluminum
Varroc Engineering Ltd. ,541578,india,xbom,motor vehicle parts
Varsav Game Studios S.A. ,var,poland,xwar,toys & games
Varta AG ,0gyq,united kingdom,xlon,industrial electronics
Varta AG ,var1,united states,xetr,industrial electronics
Varta AG ADR ,varty,united states,ootc,industrial electronics
Varteks d.d. ,vart,croatia,xzag,clothing
Varun Beverages Ltd. ,540180,india,xbom,non-alcoholic beverages/drinks
Vas Infrastructure Ltd. ,531574,india,xbom,residential building construction
Vascon Engineers Ltd. ,533156,india,xbom,construction
Vascular Biogenics Ltd. ,vblt,united states,xnas,biotechnology
Vaso Corp. ,vaso,united states,ootc,medical equipment/supplies
Vassilico Cement Works PCL ,vcw,cyprus,xcys,building materials/products
Vast Resources PLC ,vast,united kingdom,xlon,precious metals
Vasta Platform Ltd. Cl A ,vsta,united states,xnas,consumer services
Vastned Belgium S.A. ,vastb,belgium,xbru,retail reits
Vastned Retail N.V. ,vastn,netherlands,xams,retail reits
Vastned Retail N.V. ,0lnj,united kingdom,xlon,retail reits
Vastra Hamnen Corporate Finance AB ,vh,sweden,xsto,investment advisors
Vastra Hamnen Corporate Finance AB ,np8,germany,xfra,None
Vastsvensk Logistik AB ,vaslog,sweden,xsat,real estate developers
Vasundhara Rasayans Ltd. ,538634,india,xbom,pharmaceuticals
Vaswani Industries Ltd. ,533576,india,xbom,iron/steel
VAT Group AG ,vacn,switzerland,xswx,industrial machinery
VAT Group AG ,vttgf,united states,ootc,industrial machinery
VAT Group AG ,0rfl,united kingdom,xlon,industrial machinery
VAT Group AG ADR ,vacny,united states,ootc,industrial machinery
Vate Technology Co. Ltd. ,5344,taiwan,roco,semiconductors
Vatic Ventures Corp. ,vcv,canada,xtsx,general mining
Vatic Ventures Corp. ,vcvvf,united states,ootc,general mining
Vatryggingafelag Islands hf. ,vis,iceland,xice,non-life insurance
Vats Liquor Chain Store Management Joint Stock Co. Ltd. ,300755,china,xshe,food retail
Vatti Corp. Ltd. A ,002035,china,xshe,housewares
Vaudoise Assurances Holding S.A. ,0qn7,united kingdom,xlon,full-line insurance
Vaudoise Assurances Holding S.A. ,vahn,switzerland,xswx,full-line insurance
Vax Housing Finance Corp. Ltd. ,531650,india,xbom,mortgages
Vaxart Inc. ,vxrt,united states,xnas,biotechnology
Vaxcell-Bio Therapeutics ,323990,south korea,xkrx,biotechnology
Vaxcyte Inc. ,pcvx,united states,xnas,pharmaceuticals
Vaxil Bio Ltd. ,vxl,canada,xtsx,biotechnology
Vaxil Bio Ltd. ,vxllf,united states,ootc,biotechnology
Vaxtex Cotfab Ltd. ,vcl,india,xnse,clothing
Vaxxinity Inc. ,vaxx,united states,xnas,biotechnology
Vaycaychella Inc. ,vayk,united states,ootc,recreational services
Vazabi Gestion S.A. ,s2996,spain,xmad,mutual & other funds
VBARE Iberian Properties SOCIMI S.A. ,yvba,spain,xmad,residential reits
VBC Ferro Alloys Ltd. ,513005,india,xbom,iron/steel
VBG Group AB Series B ,0gxk,united kingdom,xlon,motor vehicle parts
VBG Group AB Series B ,vbg.b,sweden,xsto,motor vehicle parts
VBI Vaccines Inc. ,vbiv,united states,xnas,pharmaceuticals
VBT Yazilim A.S. ,vbtyz.e,turkey,xist,software
VC Inc. ,365900,south korea,xkrx,sports goods
VC9-No. 9 Construction JSC ,vc9,vietnam,hstc,construction
VCK Capital Market Services Ltd. ,511493,india,xbom,finance companies
VCPlus Ltd. ,43e,singapore,xses,general mining
VCREDIT Holdings Ltd. ,2003,hong kong,xhkg,consumer finance
VCU Data Management Ltd. ,536672,india,xbom,precision products
V-Cube Inc. ,3681,japan,xtks,software
VDM Group Ltd. ,vmg,australia,xasx,construction
Ve Wong Corp. ,1203,taiwan,xtai,food products
Vecima Networks Inc. ,vnwtf,united states,ootc,networking
Vecima Networks Inc. ,vcm,canada,xtse,networking
Vection Technologies Ltd. ,vr1,australia,xasx,software
VectivBio Holding AG ,vect,united states,xnas,biotechnology
VectoIQ Acquisition Corp. II ,vtiqu,united states,xnas,shell companies
VectoIQ Acquisition Corp. II Cl A ,vtiq,united states,xnas,shell companies
VectoIQ Acquisition Corp. II Wt ,vtiqw,united states,xnas,None
Vector 21 Holdings Inc. ,vhld,united states,ootc,alternative fuels
Vector Acquisition Corp. II Cl A ,vaqc,united states,xnas,shell companies
Vector Capital PLC ,vcap,united kingdom,xlon,finance companies
Vector Group Ltd. ,vgr,united states,xnys,tobacco
Vector Inc. (6058) ,6058,japan,xtks,advertising/marketing/public relations
Vector Ltd. ,vettf,united states,ootc,multiutilities
Vector Ltd. ,vct,new zealand,xnze,multiutilities
Vectron Systems AG ,0w1i,united kingdom,xlon,software
Vectron Systems AG ,v3s,united states,xetr,software
Vectrus Inc. ,vec,united states,xnys,defense equipment/products
