name,symbol,country,exchange,sector
O Bank No. 1 REIT ,01009t,taiwan,xtai,diversified reits
O Sorbet d'Amour S.A. ,mlosa,france,xpar,restaurants
O.A.T. Inc. ,oatn,united states,ootc,general mining
O.C.C. PCL ,occ,thailand,xbkk,personal care products/appliances
O.R.T. Technologies Ltd. ,ortc,israel,xtae,precision products
O.Y. Nofar Energy Ltd. ,nofr,israel,xtae,industrial electronics
O2Gold Inc. ,otgo,canada,xtsx,shell companies
O2Micro International Ltd. ADR ,oiim,united states,xnas,semiconductors
O3 Mining Inc. ,oiii,canada,xtsx,gold
O3 Mining Inc. ,oiiif,united states,ootc,gold
Oak Capital Corp. ,3113,japan,xtks,investment advisors
Oak Ridge Financial Services Inc. ,bkor,united states,ootc,banking
Oak Street Health Inc. ,osh,united states,xnys,healthcare provision
Oak Valley Bancorp ,ovly,united states,xnas,banking
Oak View Bankshares Inc. ,oakv,united states,ootc,banking
Oakajee Corp. Ltd. ,okj,australia,xasx,building materials/products
Oakridge International Ltd. ,oak,australia,xasx,emerging technologies
Oaktree Acquisition Corp. II ,oacb.ut,united states,xnys,shell companies
Oaktree Acquisition Corp. II Cl A ,oacb,united states,xnys,shell companies
Oaktree Acquisition Corp. II Wt ,oacb.wt,united states,xnys,None
Oaktree Capital Group LLC 6.55% Non-Cum. Pfd. Series B ,oak.prb,united states,xnys,real estate developers
Oaktree Capital Group LLC 6.625% Pfd. Series A ,oak.pra,united states,xnys,real estate developers
Oaktree Specialty Lending Corp. ,ocsl,united states,xnas,closed-end funds
Oando PLC ,oao,south africa,xjse,major oil & gas
OandO PLC ,oando,nigeria,xnsa,major oil & gas
OAR Resources Ltd. ,oar,australia,xasx,general mining
Oasis Crescent Property Fund ,oas,south africa,xjse,industrial/office reits
Oasis Petroleum Inc. ,oas,united states,xnas,oil extraction
Oasis Petroleum Inc. Wt ,oaspw,united states,ootc,None
Oasis Securities Ltd. ,512489,india,xbom,finance companies
OAT Agrio Co. Ltd. ,4979,japan,xtks,chemicals
Oatly Group AB ADR ,otly,united states,xnas,food products
O-Bank Co. Ltd. ,2897,taiwan,xtai,banking
O-Bank Co. Ltd. Pfd. ,2897a,taiwan,xtai,banking
Obara Group Inc. ,6877,japan,xtks,precision products
Obayashi Corp. ,1802,japan,xtks,construction
Obducat AB Pfd. B ,obdu.pref.b,sweden,xngm,precision products
Obducat AB Series B ,obdu.b,sweden,xngm,precision products
Obeikan Glass Co. ,9531,saudi arabia,xsau,industrial products
Ober S.A. ,alobr,france,xpar,forestry & wood products
Oberbank AG ,obs,austria,xwbo,banking
Oberoi Realty Ltd. ,533273,india,xbom,None
OBI Pharma Inc. ,4174,taiwan,roco,pharmaceuticals
Obic Business Consultants Co. Ltd. ,4733,japan,xtks,software
Obic Co. Ltd. ,4684,japan,xtks,computer services
Obic Co. Ltd. ,obiif,united states,ootc,computer services
Obigo Inc. ,352910,south korea,xkrx,software
OBiO Technology (Shanghai) Corp. Ltd. A ,688238,china,xshg,healthcare provision
Obitx Inc. ,obtx,united states,ootc,emerging technologies
Obiz S.A. ,albiz,france,xpar,advertising/marketing/public relations
Objective Corp. Ltd. ,ocl,australia,xasx,software
ObjectOne Information Systems Ltd. ,535657,india,xbom,software
Oblong Inc. ,oblg,united states,xnas,wired telecommunications services
OBM Drilchem ,obmd,indonesia,xidx,chemicals
Obocon Inc. ,obcn,united states,ootc,software
OboTech Acquisition SE ,ota,united states,xetr,shell companies
Obourland for Food Industries ,olfi,egypt,nilx,food products
Obrascon Huarte Lain S.A. ,0mkg,united kingdom,xlon,construction
Obrascon Huarte Lain S.A. ,obsjf,united states,ootc,construction
Obrascon Huarte Lain S.A. ,ohla,spain,xmad,construction
Observe Medical ASA ,obsrv,norway,xosl,medical equipment/supplies
ObsEva S.A. ,obsn,switzerland,xswx,biotechnology
ObsEva S.A. ,obsv,united states,xnas,biotechnology
Obsidian Energy Ltd. ,obe,united states,xase,oil extraction
Obsidian Energy Ltd. ,obe,canada,xtse,oil extraction
OC Oerlikon Corp. AG ,0qo3,united kingdom,xlon,industrial electronics
OC Oerlikon Corp. AG ,oerl,switzerland,xswx,industrial electronics
OCA Acquisition Corp. ,ocaxu,united states,xnas,shell companies
OCA Acquisition Corp. Cl A ,ocax,united states,xnas,shell companies
OCA Acquisition Corp. Wt ,ocaxw,united states,xnas,None
Ocado Group PLC ,ocdo,united kingdom,xlon,food retail
Ocado Group PLC ,ocdgf,united states,ootc,food retail
Ocado Group PLC ADR ,ocddy,united states,ootc,food retail
OCB Bhd ,5533,malaysia,xkls,food products
Occidental Petroleum Corp. ,opc,united states,xetr,oil extraction
Occidental Petroleum Corp. ,0kak,united kingdom,xlon,oil extraction
Occidental Petroleum Corp. ,oxy,united states,xnys,oil extraction
Occidental Petroleum Corp. Wt ,oxy.wt,united states,xnys,None
Ocean Bio-Chem Inc. ,obci,united states,xnas,nondurable household products
Ocean Bridge Corp. ,241790,south korea,xkrx,semiconductors
Ocean GeoLoop A/S ,ocean,norway,xosl,industrial machinery
Ocean Glass PCL ,ogc,thailand,xbkk,housewares
Ocean Group JSC ,ogc,vietnam,xstc,diversified holding companies
Ocean Line Port Development Ltd. ,8502,hong kong,xhkg,water transport/shipping
Ocean One Holding Ltd. ,8476,hong kong,xhkg,food retail
Ocean Outdoor Ltd. ,oout,united kingdom,xlon,advertising/marketing/public relations
Ocean Plastics Co. Ltd. ,1321,taiwan,xtai,industrial products
Ocean Power Technologies Inc. ,optt,united states,xase,industrial electronics
Ocean Star Technology Group Ltd. ,8297,hong kong,xhkg,clothing retail
Ocean Stone Corp. ,329020,south korea,xkon,food products
Ocean Sun A/S ,osun,norway,xosl,industrial electronics
Ocean System Corp. ,3096,japan,xjas,food retail
Ocean Thermal Energy Corp. ,cpwr,united states,ootc,renewable energy generation
Ocean Vantage Holdings Bhd ,0220,malaysia,xkls,oil & gas products/services
Ocean Wilsons Holdings Ltd. ,ocn,united kingdom,xlon,water transport/shipping
Oceana Group Ltd. ,ocg,namibia,xnam,fishing
Oceana Group Ltd. ,oce,south africa,xjse,fishing
Oceanaa Biotek Industries Ltd. ,538019,india,xbom,technical services
OceanaGold Corp. ,0vaq,united kingdom,xlon,gold
OceanaGold Corp. ,ocanf,united states,ootc,gold
OceanaGold Corp. ,ogc,canada,xtse,gold
Oceancash Pacific Bhd ,0049,malaysia,xkls,medical equipment/supplies
Oceaneering International Inc. ,oii,united states,xnys,oil & gas products/services
Oceaneering International Inc. ,0kan,united kingdom,xlon,oil & gas products/services
OceanFirst Financial Corp. ,ocfc,united states,xnas,banking
OceanFirst Financial Corp. Dep. Pfd. (Rep. 1/40th Perp. Non-Cum. Pfd. Series A) ,ocfcp,united states,xnas,banking
Oceania Healthcare Ltd. ,oca,new zealand,xnze,healthcare provision
Oceania Healthcare Ltd. ,oca,australia,xasx,healthcare provision
Oceanic Beverages Co. Inc. ,1213,taiwan,xtai,non-alcoholic beverages/drinks
Oceanic Foods Ltd. ,540405,india,xbom,food products
Oceanic Iron Ore Corp. ,feo,canada,xtsx,iron/steel
Oceanic Wind Energy Inc. ,nkwff,united states,ootc,renewable energy generation
Oceanic Wind Energy Inc. ,nkw.h,canada,xtsx,renewable energy generation
OceanPal Inc. ,op,united states,xnas,water transport/shipping
Ocean's King Lighting Science & Technology Co. Ltd. ,002724,china,xshe,industrial electronics
Oceanteam ASA ,ots,norway,xosl,water transport/shipping
OceanTech Acquisitions I Corp. ,otecu,united states,xnas,shell companies
OceanTech Acquisitions I Corp. Cl A ,otec,united states,xnas,shell companies
OceanTech Acquisitions I Corp. Wt ,otecw,united states,xnas,None
Oceanus Group Ltd. ,579,singapore,xses,fishing
Oceanwide Holdings Co. Ltd. A ,000046,china,xshe,real estate developers
Ochi Holdings Co. Ltd. ,3166,japan,xtks,wholesalers
OCI Co. Ltd. ,010060,south korea,xkrx,chemicals
OCI International Holdings Ltd. ,dgtlf,united states,ootc,pharmaceuticals
OCI International Holdings Ltd. ,329,hong kong,xhkg,pharmaceuticals
OCI N.V. ,0qgh,united kingdom,xlon,construction
OCI N.V. ,oci,netherlands,xams,construction
OCI N.V. ,ocinf,united states,ootc,construction
OCI N.V. ,ocin,mexico,xmex,construction
OCK Group Bhd ,0172,malaysia,xkls,networking
Oconee Federal Financial Corp. ,ofed,united states,xnas,banking
OCR Group Bhd ,7071,malaysia,xkls,construction
Octal Credit Capital Ltd. ,538894,india,xbom,finance companies
Octanex Ltd. ,oxx,australia,xasx,oil extraction
Octava S.A. ,08n,poland,xwar,closed-end funds
Octavius Plantations Ltd. ,542938,india,xbom,farming
October Pharma ,ocph,egypt,nilx,pharmaceuticals
Octodec Investments Ltd. ,oct,south africa,xjse,real estate developers
Octopus Digital Ltd. ,octopus,pakistan,xkar,software
Octopus Renewables Infrastructure Trust PLC ,orit,united kingdom,xlon,closed-end funds
Octopus Robots S.A. ,mloct,france,xpar,precision products
Ocugen Inc. ,ocgn,united states,xnas,biotechnology
Ocular Therapeutix Inc. ,ocul,united states,xnas,pharmaceuticals
Oculus Visiontech Inc. ,ovtz,united states,ootc,software
Oculus VisionTech Inc. ,ovt,canada,xtsx,software
Ocumension Therapeutics ,1477,hong kong,xhkg,pharmaceuticals
Ocumetics Technology Corp. ,otc,canada,xtsx,emerging technologies
Ocumetics Technology Corp. ,otcff,united states,ootc,emerging technologies
Ocuphire Pharma Inc. ,ocup,united states,xnas,pharmaceuticals
Ocwen Financial Corp. ,0kas,united kingdom,xlon,mortgages
Osteonic Co. Ltd. ,226400,south korea,xkrx,medical equipment/supplies
Osteopore Ltd. ,osx,australia,xasx,medical equipment/supplies
Ostim Endustriyel Yatirimlar ve Isletme A.S. ,ostim.e,turkey,xist,finance companies
Ostin Technology Group Co. Ltd. ,ost,united states,xnas,computers/consumer electronics
Ostrom Climate Solutions Inc. ,coo,canada,xtsx,environment/waste management
Oswal Agro Mills Ltd. ,500317,india,xbom,finance companies
OSX Brasil S/A Ord ,osxb3,brazil,bvmf,oil & gas products/services
Osyka Corp. ,oska,united states,ootc,oil extraction
OT Logistics S.A. ,ots,poland,xwar,water transport/shipping
O-Ta Precision Industry Co. Ltd. ,8924,taiwan,roco,sports goods
OTAQ PLC ,otaq,united kingdom,xlon,precision products
OTC Markets Group Inc. Cl A ,otcm,united states,ootc,securities
Otco International Ltd. ,523151,india,xbom,software
Otello Corp. ASA ,otec,norway,xosl,internet/online
Otello Corp. ASA ,0fi5,united kingdom,xlon,internet/online
Otis Collection LLC Drop 018 ,oggcs,united states,ootc,finance companies
Otis Gallery LLC Drop 074 ,otkms,united states,ootc,finance companies
Otis Gallery LLC Drop 099 ,oglfs,united states,ootc,finance companies
Otis Gallery LLC Drop 116 ,ogpks,united states,ootc,finance companies
Otis Gallery LLC Drop 119 ,ogdms,united states,ootc,finance companies
Otis Gallery LLC Drop 122 ,ogmbs,united states,ootc,finance companies
Otis Worldwide Corp. ,otis,united states,xnys,industrial machinery
oToBrite Electronic Inc. ,2256,taiwan,roco,motor vehicle parts
Otokar Otomotiv ve Savunma Sanayi A.S. ,otkar.e,turkey,xist,commercial vehicles
Otonomo Technologies Ltd. ,otmo,united states,xnas,motor vehicle parts
Otonomo Technologies Ltd. Wt ,otmow,united states,xnas,None
Otonomy Inc. ,otic,united states,xnas,biotechnology
Otovo A/S ,otovo,norway,xosl,renewable energy generation
OTP Bank Nyrt. ,otp,hungary,xbud,banking
OTP Bank Nyrt. ,otp,germany,xfra,banking
OTP Bank Nyrt. ,0m69,united kingdom,xlon,banking
OTR Acquisition Corp. ,otra,united states,xnas,shell companies
OTR Acquisition Corp. Wt ,otraw,united states,xnas,None
OTRS AG ,tr9,united states,xetr,computer services
OTS Holdings Ltd. ,ots,singapore,xses,food products
Otsuka Corp. ,4768,japan,xtks,computer services
Otsuka Holdings Co. Ltd. ,4578,japan,xtks,pharmaceuticals
Otsuka Holdings Co. Ltd. ,otskf,united states,ootc,pharmaceuticals
Otsuka Holdings Co. Ltd. ADR ,otsky,united states,ootc,pharmaceuticals
Otsuka Information Technology Corp. ,3570,taiwan,roco,computer services
Otsuka Pakistan Ltd. ,otsu,pakistan,xkar,pharmaceuticals
Ottakringer Brauerei AG ,ots,austria,xwbo,alcoholic beverages/drinks
Ottakringer Brauerei AG Pfd. ,otv,austria,xwbo,alcoholic beverages/drinks
Ottawa Bancorp Inc. ,ottw,united states,ootc,banking
Otter Tail Corp. ,ottr,united states,xnas,electric utilities
Otto Energy Ltd. ,ottef,united states,ootc,oil extraction
Otto Energy Ltd. ,oel,australia,xasx,oil extraction
Otto Holding A.S. ,otto.e,turkey,xist,farming
Ottogi Corp. ,007310,south korea,xkrx,food products
OUE Commercial Real Estate Investment Trust ,ts0u,singapore,xses,diversified reits
OUE Lippo Healthcare Ltd. ,5wa,singapore,xses,healthcare provision
OUE Ltd. ,lj3,singapore,xses,hotels
OUG Holdings Inc. ,8041,japan,xtks,food retail
Ouhua Energy Holdings Ltd. ,aj2,singapore,xses,gas utilities
Oula Fuel Marketing Co. K.S.C. ,oulafuel,kuwait,xkuw,specialty retail
Ourgame International Holdings Ltd. ,6899,hong kong,xhkg,toys & games
Ouro Fino Saude Animal Participacoes S/A Ord ,ofsa3,brazil,bvmf,pharmaceuticals
Ourpalm Co. Ltd. ,300315,china,xshe,toys & games
Ouster Inc. Cl A ,oust,united states,xnys,precision products
Ouster Inc. Wt ,oust.wt,united states,xnys,None
Outback Goldfields Corp. ,ozbkf,united states,ootc,general mining
Outback Goldfields Corp. ,oz,canada,xtsx,general mining
Outbrain Inc. ,ob,united states,xnas,computer services
Outcrop Silver & Gold Corp. ,ocg,canada,xtsx,gold
Outcrop Silver & Gold Corp. ,ocgsf,united states,ootc,gold
Outdoorzy S.A. ,out,poland,xwar,specialty retail
Outfront Media Inc. ,out,united states,xnys,advertising/marketing/public relations
Outin Futures Co. Ltd. ,227610,south korea,xkrx,personal care products/appliances
Outlook Therapeutics Inc. ,otlk,united states,xnas,biotechnology
Outokumpu Oyj ,outa,germany,xfra,iron/steel
Outokumpu Oyj ,out1v,finland,xhel,iron/steel
Outokumpu Oyj ,0fj8,united kingdom,xlon,iron/steel
Outokumpu Oyj ADR ,outky,united states,ootc,iron/steel
Outset Medical Inc. ,om,united states,xnas,medical equipment/supplies
Outsourcing Inc. ,2427,japan,xtks,employment/training services
Oval Corp. ,7727,japan,xtks,precision products
Ovaro Kiinteistosijoitus Oyj ,ovaro,finland,xhel,residential reits
Ovation Science Inc. ,ovat,canada,xcnq,pharmaceuticals
Ovato Ltd. ,ovt,australia,xasx,printing
OVB Holding AG ,o4b,united states,xetr,securities
Ovctek China Inc. A ,300595,china,xshe,medical equipment/supplies
Oventus Medical Ltd. ,ovn,australia,xasx,medical equipment/supplies
OverActive Media Corp. ,oam,canada,xtsx,internet/online
OverActive Media Corp. ,oamcf,united states,ootc,internet/online
Oversea Chinese Banking Corp. New ,ovchf,united states,ootc,banking
Oversea Enterprise Bhd ,0153,malaysia,xkls,restaurants
Oversea-Chinese Banking Corp. Ltd. ,o39,singapore,xses,banking
Oversea-Chinese Banking Corp. Ltd. ,ocba,germany,xfra,banking
Oversea-Chinese Banking Corp. Ltd. ADR ,ovchy,united states,ootc,banking
Overseas Chinese Town (Asia) Holdings Ltd. ,3366,hong kong,xhkg,containers/packaging
Overseas Commerce Ltd. ,ovrs,israel,xtae,transportation services
Overseas Education Ltd. ,rq1,singapore,xses,consumer services
Overseas Realty (Ceylon) PLC ,osea.n0000,sri lanka,xcol,real estate developers
Overseas Shipholding Group Inc. Cl A ,osg,united states,xnys,water transport/shipping
Overstock.com Inc. ,ostk,united states,xnas,mixed retailing
Overstock.com Inc. ,0kdu,united kingdom,xlon,mixed retailing
Overstock.com Inc. Pfd. Digital Series A-1 ,ostko,united states,ootc,mixed retailing
Overstock.com Inc. Pfd. Series A ,tzrop,united states,ootc,mixed retailing
OVH Groupe SAS ,ovh,france,xpar,internet/online
OVH Groupe SAS ,ovhff,united states,ootc,internet/online
OVH Groupe SAS ,0aan,united kingdom,xlon,internet/online
Ovid Therapeutics Inc. ,ovid,united states,xnas,pharmaceuticals
Ovid Works S.A. ,ovi,poland,xwar,toys & games
Ovintiv Inc. ,ovv,united states,xnys,oil extraction
Ovintiv Inc. ,ovv,mexico,xmex,oil extraction
Ovintiv Inc. ,ovv,canada,xtse,oil extraction
Ovintiv Inc. ,47q,germany,xfra,oil extraction
Ovobel Foods Ltd. ,530741,india,xbom,food products
Ovoca Bio PLC ,ovxa,ireland,xdub,pharmaceuticals
Ovoca Bio PLC ,ovb,united kingdom,xlon,pharmaceuticals
Ovostar Union N.V. ,ovo,poland,xwar,farming
OVS S.p.A. ,ovs,italy,xmil,clothing retail
OVS S.p.A. ,0r5r,united kingdom,xlon,clothing retail
Ovzon AB ,ovzon,sweden,xsto,wireless telecommunications services
OWC Pharmaceutical Research Corp. ,owcp,united states,ootc,pharmaceuticals
O-Well Corp. ,7670,japan,xtks,building materials/products
Owens & Minor Inc. ,omi,united states,xnys,transportation services
Owens Corning ,oc,united states,xnys,building materials/products
O'Will Corp. ,3143,japan,xtks,food retail
Owl Rock Capital Corp. ,orcc,united states,xnys,closed-end funds
Owlet Inc. ,owlt,united states,xnys,housewares
Owlet Inc. Wt ,owlt.wt,united states,xnys,None
OX2 AB ,ox2,sweden,xsto,renewable energy generation
Oxbridge Acquisition Corp. Cl A ,oxac,united states,xnas,shell companies
Oxbridge Acquisition Corp. Un ,oxacu,united states,xnas,shell companies
Oxbridge Acquisition Corp. Wt ,oxacw,united states,xnas,None
Oxbridge Re Holdings Ltd. ,oxbr,united states,xnas,reinsurance
Oxbridge Re Holdings Ltd. Wt ,oxbrw,united states,xnas,None
Oxe Marine AB ,cmmcf,united states,ootc,industrial machinery
OXE Marine AB ,oxe,sweden,xsto,industrial machinery
Oxford Bank Corp. ,oxbc,united states,ootc,banking
Oxford BioDynamics PLC ,obd,united kingdom,xlon,biotechnology
Oxford BioMedica PLC ,oxbdf,united states,ootc,biotechnology
Oxford BioMedica PLC ,oxb,united kingdom,xlon,biotechnology
Oxford Cannabinoid Technologies Holdings PLC ,octp,united kingdom,xlon,pharmaceuticals
Oxford Industries Inc. ,oxm,united states,xnys,clothing
Oxford Instruments PLC ,oxig,united kingdom,xlon,precision products
Oxford Instruments PLC ,oxinf,united states,ootc,precision products
Oxford Investments Holdings Inc. ,oxihf,united states,ootc,consumer finance
Oxford Lane Capital Corp. 5% Notes due 2027 ,oxlcz,united states,xnas,closed-end funds
Oxford Lane Capital Corp. 6% Pfd. Series 2029 ,oxlco,united states,xnas,closed-end funds
Oxford Lane Capital Corp. 6.25% Pfd. Series 2027 ,oxlcp,united states,xnas,closed-end funds
Oxford Lane Capital Corp. 6.75% Cum. Redeem. Pfd. Series 2024 ,oxlcm,united states,xnas,closed-end funds
Oxford Lane Capital Corp. 6.75% Notes due 2031 ,oxlcl,united states,None,closed-end funds
Oxford Metrics PLC ,omg,united kingdom,xlon,emerging technologies
Oxford Nanopore Technologies PLC ,ont,united kingdom,xlon,precision products
Oxford Nanopore Technologies PLC ,onttf,united states,ootc,precision products
Oxford Square Capital Corp. ,oxsq,united states,xnas,closed-end funds
Oxford Square Capital Corp. 5.5% Notes due 2028 ,oxsqg,united states,xnas,closed-end funds
Oxford Square Capital Corp. 6.25% Notes due 2026 ,oxsqz,united states,xnas,closed-end funds
Orion Biotech Opportunities Corp. Wt ,oriaw,united states,xnas,None
ORION Corp. ,271560,south korea,xkrx,food products
Orion Diversified Holding Co. Inc. ,oodh,united states,ootc,diversified holding companies
Orion Energy Systems Inc. ,oesx,united states,xnas,industrial electronics
Orion Engineered Carbons S.A. ,oec,united states,xnys,chemicals
Orion Equities Ltd. ,oeq,australia,xasx,mutual & other funds
Orion Group Holdings Inc. ,orn,united states,xnys,construction
Orion Holdings ,001800,south korea,xkrx,food products
Orion Infusion Ltd. ,orioninfu,bangladesh,xdha,pharmaceuticals
Orion Metals Ltd. ,orm,australia,xasx,gold
Orion Minerals Ltd. ,orn,south africa,xjse,general mining
Orion Minerals Ltd. ,orn,australia,xasx,general mining
Orion Office REIT Inc. ,onl,united states,xnys,industrial/office reits
Orion Oyj ADR ,oriny,united states,ootc,pharmaceuticals
Orion Oyj Series A ,0m2n,united kingdom,xlon,pharmaceuticals
Orion Oyj Series A ,ornav,finland,xhel,pharmaceuticals
Orion Oyj Series B ,0m2o,united kingdom,xlon,pharmaceuticals
Orion Oyj Series B ,ornbv,finland,xhel,pharmaceuticals
Orion Pharma Ltd. ,orionpharm,bangladesh,xdha,pharmaceuticals
Orior AG ,oron,switzerland,xswx,food products
Orior AG ,0qm6,united kingdom,xlon,food products
Orissa Bengal Carrier Ltd. ,541206,india,xbom,trucking
Orissa Minerals Development Co. Ltd. ,590086,india,xbom,iron/steel
Orix Corp. ,8591,japan,xtks,finance companies
Orix Corp. ADR ,ix,united states,xnys,finance companies
Orix JREIT Inc. ,8954,japan,xtks,industrial/office reits
Orkla ASA ,0fin,united kingdom,xlon,food products
Orkla ASA ,ork,norway,xosl,food products
Orkla ASA ,orklf,united states,ootc,food products
Orkla ASA ADR ,orkly,united states,ootc,food products
Orla Mining Ltd. ,ola,canada,xtse,general mining
Orla Mining Ltd. ,orla,united states,xase,general mining
Orma Orman Mahsulleri Integre Sanayi ve Ticaret A.S. ,orma.e,turkey,xist,forestry & wood products
Ormat Technologies Inc. ,ora,israel,xtae,renewable energy generation
Ormat Technologies Inc. ,0kdh,united kingdom,xlon,renewable energy generation
Ormat Technologies Inc. ,hnm,germany,xfra,renewable energy generation
Ormat Technologies Inc. ,ora,united states,xnys,renewable energy generation
Ormat Technologies Inc. ,hnm,united states,xetr,renewable energy generation
Ormester Vagyonvedelmi Nyrt. ,orm,hungary,xbud,diversified business services
Ormonde Mining PLC ,orq1,ireland,xdub,gold
Ormonde Mining PLC ,orm,united kingdom,xlon,gold
Orn Software Holding A/S ,orn,norway,xosl,software
Ornapaper Bhd ,5065,malaysia,xkls,containers/packaging
Oro Co. Ltd. ,3983,japan,xtks,internet/online
Orobal Gestion S.A. ,s2310,spain,xmad,mutual & other funds
Oroco Resource Corp. ,orrcf,united states,ootc,general mining
Oroco Resource Corp. ,oco,canada,xtsx,general mining
Orogen Royalties Inc. ,ognrf,united states,ootc,general mining
Orogen Royalties Inc. ,ogn,canada,xtsx,general mining
Oron Group Investments & Holdings Ltd. ,oron,israel,xtae,real estate developers
Orora Ltd. ,ora,australia,xasx,containers/packaging
Orosil Smiths India Ltd. ,531626,india,xbom,jewelry & watches
Orosur Mining Inc. ,oroxf,united states,ootc,gold
Orosur Mining Inc. ,omi,united kingdom,xlon,gold
Orosur Mining Inc. ,omi,canada,xtsx,gold
Orpea S.A. ,0nex,united kingdom,xlon,healthcare provision
Orpea S.A. ,orpef,united states,ootc,healthcare provision
Orpea S.A. ,orp,france,xpar,healthcare provision
Orpea S.A. ,orpn,mexico,xmex,healthcare provision
Orpea S.A. ADR ,orrry,united states,ootc,healthcare provision
Orphazyme A/S ,ozymf,united states,ootc,biotechnology
Orphazyme A/S ,orpha,denmark,xcse,biotechnology
Orphazyme A/S ADR ,orphy,united states,ootc,biotechnology
Orpheum Property Inc. ,plff,united states,ootc,real estate developers
Orrstown Financial Services Inc. ,orrf,united states,xnas,banking
Orsero S.p.A. ,0ycg,united kingdom,xlon,food retail
Orsero S.p.A. ,ors,italy,xmil,food retail
Orseven S.A. ,s2259,spain,xmad,mutual & other funds
Orsu Metals Corp. ,osu,canada,xtsx,gold
Orsu Metals Corp. ,orsuf,united states,ootc,gold
Ortel Communications Ltd. ,539015,india,xbom,None
Orthex Oyj ,orthex,finland,xhel,housewares
Ortho Clinical Diagnostics Holdings PLC ,ocdx,united states,xnas,healthcare provision
Ortho Regenerative Technologies Inc. ,ortif,united states,ootc,medical equipment/supplies
Ortho Regenerative Technologies Inc. ,orth,canada,xcnq,medical equipment/supplies
Orthocell Ltd. ,occ,australia,xasx,biotechnology
Orthofix Medical Inc. ,ofix,united states,xnas,medical equipment/supplies
OrthoPediatrics Corp. ,kids,united states,xnas,medical equipment/supplies
Ortin Laboratories Ltd. ,539287,india,xbom,pharmaceuticals
Ortivus AB Series A ,orti.a,sweden,xsto,medical equipment/supplies
Ortivus AB Series B ,orti.b,sweden,xsto,medical equipment/supplies
Ortoma AB Series B ,ort.b,sweden,xsat,medical equipment/supplies
Orvana Minerals Corp. ,orvmf,united states,ootc,gold
Orvana Minerals Corp. ,orv,canada,xtse,gold
Orvis Corp. ,7827,japan,xjas,forestry & wood products
Oryx Properties Ltd. ,ory,namibia,xnam,real estate developers
Oryzon Genomics S.A. ,ory,spain,xmad,biotechnology
Orzel Bialy S.A. ,obl,poland,xwar,environment/waste management
Orzel S.A. ,orl,poland,xwar,tires
OS Co. Ltd. ,9637,japan,xtks,real estate developers
Osai Automation System S.p.A. ,osa,italy,xmil,precision products
Osaka Gas Co. Ltd. ,9532,japan,xtks,gas utilities
Osaka Soda Co. Ltd. ,4046,japan,xtks,chemicals
Osaka Titanium Technologies Co. Ltd. ,5726,japan,xtks,non-ferrous metals
Osaki Electric Co. Ltd. ,6644,japan,xtks,precision products
OsangJaiel Co. Ltd. ,053980,south korea,xkrx,computer services
OSB Group PLC ,osb,united kingdom,xlon,banking
Oscar Global Ltd. ,530173,india,xbom,clothing
Oscar Health Inc. ,oscr,united states,xnys,life insurance
Oscar Mitra Sukses Sejahtera ,oliv,indonesia,xidx,wholesalers
Oscar Properties Holding AB ,0r69,united kingdom,xlon,real estate developers
Oscar Properties Holding AB ,op,sweden,xsto,real estate developers
Oscar Properties Holding AB Pfd. ,op.pref,sweden,xsto,real estate developers
Osceola Gold Inc. ,osci,united states,ootc,gold
Oscotec Inc. ,039200,south korea,xkrx,pharmaceuticals
OSE Immunotherapeutics S.A. ,0rad,united kingdom,xlon,biotechnology
OSE Immunotherapeutics S.A. ,ose,france,xpar,biotechnology
OSG Corp. ,osgcf,united states,ootc,industrial machinery
OSG Corp. ,6136,japan,xtks,industrial machinery
Oshidori International Holdings Ltd. ,622,hong kong,xhkg,consumer finance
Oshkosh Corp. ,osk,united states,xnys,commercial vehicles
Oshkosh Corp. ,0kdi,united kingdom,xlon,commercial vehicles
OSI Systems Inc. ,osis,united states,xnas,precision products
Osia Hyper Retail Ltd. ,osiahyper,india,xnse,mixed retailing
Osiajee Texfab Ltd. ,540198,india,xbom,clothing
Osino Resources Corp. ,osiif,united states,ootc,gold
Osino Resources Corp. ,osi,canada,xtsx,gold
Osiris Acquisition Corp. ,osi.ut,united states,xnys,shell companies
Osiris Acquisition Corp. Cl A ,osi,united states,xnys,shell companies
Osiris Acquisition Corp. Wt ,osi.wt,united states,xnys,None
Osirium Technologies PLC ,osi,united kingdom,xlon,software
Osisko Development Corp. ,odv,canada,xtsx,mining support services
Osisko Development Corp. ,rngtd,united states,ootc,mining support services
Osisko Development Corp. Wt ,odv.wt,canada,xtsx,None
Osisko Gold Royalties Ltd. ,or,canada,xtse,precious metals
Osisko Gold Royalties Ltd. ,0vbe,united kingdom,xlon,precious metals
Osisko Gold Royalties Ltd. ,or,united states,xnys,precious metals
Osisko Green Acquisition Ltd. ,gogr,canada,xtse,shell companies
Osisko Green Acquisition Ltd. Wt ,gogr.wt,canada,xtse,None
Osisko Metals Inc. ,omznf,united states,ootc,non-ferrous metals
Osisko Metals Inc. ,om,canada,xtsx,non-ferrous metals
Osisko Mining Inc. ,osk,canada,xtse,gold
Osisko Mining Inc. ,obnnf,united states,ootc,gold
OSK Holdings Bhd ,5053,malaysia,xkls,real estate developers
OSK Ventures International Bhd ,0053,malaysia,xkls,investment advisors
Osma de Inversiones S.A. ,s2260,spain,xmad,mutual & other funds
Osmanli Yatirim Menkul Degerler A.S. ,osmen.e,turkey,xist,securities
Osmond Resources Ltd. ,osm,australia,xasx,non-ferrous metals
Osmosis Investment S.A. ,s3105,spain,xmad,mutual & other funds
Osmozis SAS ,alosm,france,xpar,wireless telecommunications services
Osool ESB Securities Brokerage ,ebsc,egypt,nilx,securities
Osos Holding Group Co. KSC ,osos,kuwait,xkuw,computer services
Osotspa PCL ,osp,thailand,xbkk,non-alcoholic beverages/drinks
Osoul Investment Co. K.S.C. ,osoul,kuwait,xkuw,investment advisors
Osram Licht AG ,osagf,united states,ootc,industrial electronics
Osram Licht AG ,osr,germany,xham,None
Osstem Implant Co. Ltd. ,048260,south korea,xkrx,medical equipment/supplies
Ossur hf. ,0fiw,united kingdom,xlon,medical equipment/supplies
Ossur hf. ,ossr,denmark,xcse,medical equipment/supplies
Ossur hf. ,ossff,united states,ootc,medical equipment/supplies
Oxford Square Capital Corp. 6.5% Notes due 2024 ,oxsql,united states,xnas,closed-end funds
Oxide Corp. ,6521,japan,xtks,precision products
Oxiquim S.A. ,oxiquim,chile,xsgo,chemicals
Oxley Holdings Ltd. ,5ux,singapore,xses,real estate developers
OXO Technologies Holding NyRt. ,oxoth,hungary,xbud,finance companies
OxPay Financial Ltd. ,tvv,singapore,xses,consumer finance
Oxurion N.V. ,0g99,united kingdom,xlon,biotechnology
Oxurion N.V. ,oxur,belgium,xbru,biotechnology
Oxus Acquisition Corp. ,oxusu,united states,xnas,shell companies
Oxus Acquisition Corp. Cl A ,oxus,united states,xnas,shell companies
Oxus Acquisition Corp. Wt ,oxusw,united states,xnas,None
Oxygen S.A. ,oxy,poland,xwar,finance companies
Oyak Cimento Fabrikalari A.S. ,oyakc.e,turkey,xist,building materials/products
Oyak Yatirim Menkul Degerler A.S. ,oyyat.e,turkey,xist,securities
Oyak Yatirim Ortakligi A.S. ,oyayo.e,turkey,xist,closed-end funds
Oyang Corp. ,006090,south korea,xkrx,fishing
Oylum Sinai Yatirimlar A.S. ,oylum.e,turkey,xist,food products
OYO Corp. ,9755,japan,xtks,technical services
Oyster Enterprises Acquisition Corp. ,ostru,united states,xnas,shell companies
Oyster Enterprises Acquisition Corp. Cl A ,ostr,united states,xnas,shell companies
Oyster Enterprises Acquisition Corp. Wt ,ostrw,united states,xnas,None
Oyster Point Pharma Inc. ,oyst,united states,xnas,biotechnology
Oz Lithium Corp. ,grxxf,united states,ootc,coal
Oz Lithium Corp. ,ozli,canada,xcnq,coal
OZ Minerals Ltd. ,ozmlf,united states,ootc,non-ferrous metals
OZ Minerals Ltd. ,ozl,australia,xasx,non-ferrous metals
Ozak Gayrimenkul Yatirim Ortakligi A.S. ,ozkgy.e,turkey,xist,diversified reits
OzAurum Resources Ltd. ,ozm,australia,xasx,gold
Ozderici Gayrimenkul Yatirim Ortakligi A.S. ,ozgyo.e,turkey,xist,diversified reits
OZE Capital S.A. ,oze,poland,xwar,industrial products
Ozerden Plastik Sanayi ve Ticaret A.S. ,ozrdn.e,turkey,xist,containers/packaging
Ozon Holdings PLC ADR ,ozon,russia,misx,mixed retailing
Ozone World Ltd. ,539291,india,xbom,wholesalers
Ozop Energy Solutions Inc. ,ozsc,united states,ootc,medical equipment/supplies
Ozu Corp. ,7487,japan,xtks,nondurable household products
Ozz Resources Ltd. ,ozz,australia,xasx,general mining
Orchid Ventures Inc. ,orcd,canada,xcnq,pharmaceuticals
Orchid Ventures Inc. ,ord,germany,xmun,None
Orchid Ventures Inc. ,ord0,germany,xfra,pharmaceuticals
Orcoda Ltd. ,oda,australia,xasx,software
OrderYOYO A/S ,yoyo,denmark,xcse,internet/online
Ordina N.V. ,0ooj,united kingdom,xlon,computer services
Ordina N.V. ,ordi,netherlands,xams,computer services
Ordissimo S.A. ,alord,france,xpar,computers/consumer electronics
Orea Mining Corp. ,oreaf,united states,ootc,gold
Orea Mining Corp. ,orea,canada,xtse,gold
OreCorp Ltd. ,orr,australia,xasx,general mining
Orefinders Resources Inc. ,orx,canada,xtsx,gold
Orefinders Resources Inc. ,orfdf,united states,ootc,gold
Orege S.A. ,orege,france,xpar,environment/waste management
Oregon Bancorp Inc. ,orbn,united states,ootc,banking
Oregon Pacific Bancorp ,orpb,united states,ootc,banking
O'Reilly Automotive Inc. ,0kab,united kingdom,xlon,specialty retail
O'Reilly Automotive Inc. ,orly,united states,xnas,specialty retail
Orell Fuessli AG ,ofn,switzerland,xswx,printing
Orell Fuessli AG ,0qme,united kingdom,xlon,printing
Orestone Mining Corp. ,ors,canada,xtsx,mining support services
Orestone Mining Corp. ,oresf,united states,ootc,mining support services
Orex Minerals Inc. ,rex,canada,xtsx,general mining
Orex Minerals Inc. ,ormnf,united states,ootc,general mining
Orexo AB ,orx,sweden,xsto,pharmaceuticals
Orexo AB ,0h19,united kingdom,xlon,pharmaceuticals
Orexo AB ADR ,orxoy,united states,ootc,pharmaceuticals
Orexplore Technologies Ltd. ,oxt,australia,xasx,precision products
Orezone Gold Corp. ,orzcf,united states,ootc,gold
Orezone Gold Corp. ,ore,canada,xtse,gold
Orezone Gold Corp. Wt ,orzwf,united states,ootc,None
Orezone Gold Corp. Wt ,ore.wt,canada,xtse,None
Orford Mining Corp. ,orm,canada,xtsx,general mining
Orford Mining Corp. ,ormff,united states,ootc,general mining
ORG Technology Co. Ltd. A ,002701,china,xshe,containers/packaging
Organic Agricultural Co. Ltd. ,ogaa,united states,ootc,farming
Organic Coatings Ltd. ,531157,india,xbom,chemicals
Organic Farma Zdrowia S.A. ,org,poland,xwar,food retail
Organic Meat Co. Ltd. ,tomcl,pakistan,xkar,food products
Organic Potash Corp. ,opc,canada,xcnq,chemicals
Organic Tea Cosmetics Holdings Co. Ltd. ,900300,south korea,xkrx,personal care products/appliances
Organicell Regenerative Medicine Inc. ,ocel,united states,ootc,biotechnology
OrganiGram Holdings Inc. ,ogi,united states,xnas,pharmaceuticals
Organizacion Cultiba S.A.B. de C.V. B ,cultibab,mexico,xmex,containers/packaging
Organizacion Soriana S.A.B. de C.V. B ,sorianab,mexico,xmex,mixed retailing
Organizacion Terpel S.A. ,terpel,colombia,xbog,specialty retail
Organo Corp. ,6368,japan,xtks,water utilities
OrganoClick AB ,orgc,sweden,xsto,chemicals
Organogenesis Holdings Inc. Cl A ,orgo,united states,xnas,biotechnology
Organon & Co. ,ogn,united states,xnys,pharmaceuticals
Organovo Holdings Inc. ,onvo,united states,xnas,biotechnology
Organto Foods Inc. ,ogo,canada,xtsx,food products
Organto Foods Inc. ,ogoff,united states,ootc,food products
Orge Enerji Elektrik Taahhut A.S. ,orge.e,turkey,xist,construction
Orgenesis Inc. ,orgs,united states,xnas,biotechnology
Orgtechnica JSC ,orgt,bulgaria,xbul,industrial electronics
ORHUB Inc. ,orhb,united states,ootc,computer services
Orian Sh.M. Ltd. ,orin,israel,xtae,transportation services
Oric Pharmaceuticals Inc. ,oric,united states,xnas,biotechnology
Orica Ltd. ,ori,australia,xasx,chemicals
Orica Ltd. ADR ,ocldy,united states,ootc,chemicals
Oricom Inc. ,010470,south korea,xkrx,advertising/marketing/public relations
Oricon Enterprises Ltd. ,513121,india,xbom,None
Orient Abrasives Ltd. ,504879,india,xbom,None
Orient Bell Ltd. ,530365,india,xbom,building materials/products
Orient Beverages Ltd. ,507690,india,xbom,non-alcoholic beverages/drinks
Orient Cement Ltd. ,535754,india,xbom,building materials/products
Orient Commercial JS Bank ,ocb,vietnam,xstc,banking
Orient Corp. ,8585,japan,xtks,consumer finance
Orient Electric Ltd. ,541301,india,xbom,housewares
Orient Europharma Co. Ltd. ,4120,taiwan,roco,pharmaceuticals
Orient Finance PLC ,bfn.n0000,sri lanka,xcol,finance companies
Orient Green Power Co. Ltd. ,533263,india,xbom,renewable energy generation
Orient Group Inc. A ,600811,china,xshg,diversified holding companies
Orient International Enterprise Ltd. A ,600278,china,xshg,wholesalers
Orient Overseas (International) Ltd. ,ori1,germany,xfra,water transport/shipping
Orient Overseas (International) Ltd. ,orovf,united states,ootc,water transport/shipping
Orient Overseas (International) Ltd. ,316,hong kong,xhkg,water transport/shipping
Orient Overseas (International) Ltd. ADR ,orovy,united states,ootc,water transport/shipping
Orient Paper & Industries Ltd. ,502420,india,xbom,paper/pulp
Orient Pharma Co. Ltd. ,4166,taiwan,roco,pharmaceuticals
Orient Precision Industries Inc. ,065500,south korea,xkrx,motor vehicle parts
Orient Press Ltd. ,526325,india,xbom,printing
Orient Rental Modaraba ,orm,pakistan,xkar,closed-end funds
Orient Securities Co. Ltd. ,3958,hong kong,xhkg,securities
Orient Securities Co. Ltd. ,600958,china,xshg,securities
Orient Securities Corp. ,ors,vietnam,xstc,securities
Orient Securities International Holdings Ltd. ,8001,hong kong,xhkg,securities
Orient Semiconductor Electronics Ltd. ,2329,taiwan,xtai,semiconductors
Orient Tradelink Ltd. ,531512,india,xbom,motion picture/sound recording
Orient UNB Takaful PJSC ,outfl,united arab emirates,xdfm,non-life insurance
Orient Victory Travel Group Co. Ltd. ,265,hong kong,xhkg,tourism
Oriental Aromatics Ltd. ,500078,india,xbom,chemicals
Oriental Carbon & Chemicals Ltd. ,506579,india,xbom,chemicals
Oriental Chain Mfg. Co. Ltd. ,6380,japan,xtks,industrial products
Oriental Consultants Holdings Co. Ltd. ,2498,japan,xjas,diversified business services
Oriental Culture Holding Ltd. ,ocg,united states,xnas,specialty retail
Oriental Energy Co. Ltd. A ,002221,china,xshe,major oil & gas
Oriental Enterprise Holdings Ltd. ,18,hong kong,xhkg,publishing
Oriental Explorer Holdings Ltd. ,430,hong kong,xhkg,iron/steel
Oriental Food Industries Holdings Bhd ,7107,malaysia,xkls,food products
Oriental Holdings Bhd ,4006,malaysia,xkls,automobiles
Oriental Hotels Ltd. ,500314,india,xbom,hotels
Oriental Interest Bhd ,5827,malaysia,xkls,real estate developers
Oriental Land Co. Ltd. ,olclf,united states,ootc,recreational services
Oriental Land Co. Ltd. ,4661,japan,xtks,recreational services
Oriental Land Co. Ltd. ADR ,olcly,united states,ootc,recreational services
Oriental Payment Group Holdings Ltd. ,8613,hong kong,xhkg,consumer finance
Oriental Pearl Group Co. Ltd. A ,600637,china,xshg,motion picture/sound recording
Oriental Peninsula Resources Group Inc. ,ore,philippines,xphs,non-ferrous metals
Oriental Petroleum & Mineral Corp. B ,opmb,philippines,xphs,oil extraction
Oriental Petroleum & Minerals Corp. A ,opm,philippines,xphs,oil extraction
Oriental Precision & Engineering Co. Ltd. ,014940,south korea,xkrx,water transport/shipping
Oriental Rail Infrastructure Ltd. ,531859,india,xbom,railroads
Oriental Shiraishi Corp. ,1786,japan,xtks,construction
Oriental System Technology Inc. ,6819,taiwan,roco,precision products
Oriental Times Media Corp. A ,002175,china,xshe,precision products
Oriental Trimex Ltd. ,532817,india,xbom,None
Oriental Union Chemical Corp. ,1710,taiwan,xtai,chemicals
Oriental University City Holdings (H.K.) Ltd. ,8067,hong kong,xhkg,real estate developers
Oriental Watch Holdings Ltd. ,398,hong kong,xhkg,clothing retail
Oriental Weavers Group ,orwe,egypt,nilx,housewares
ORIENTBIO Inc. ,002630,south korea,xkrx,biotechnology
Origen Resources Inc. ,orgn,canada,xcnq,non-ferrous metals
Origen Resources Inc. ,oggnf,united states,ootc,non-ferrous metals
Origin Agritech Ltd. ,seed,united states,xnas,farming
Origin Bancorp Inc. ,obnk,united states,xnas,banking
Origin Co. Ltd. ,6513,japan,xtks,industrial electronics
Origin Energy Ltd. ,org,australia,xasx,electric utilities
Origin Energy Ltd. ,ogfgf,united states,ootc,electric utilities
Origin Energy Ltd. ADR ,ogfgy,united states,ootc,electric utilities
Origin Enterprises PLC ,ogn,united kingdom,xlon,farming
Origin Enterprises PLC ,oiz,ireland,xdub,farming
Origin Materials Inc. ,orgn,united states,xnas,chemicals
Origin Materials Inc. Wt ,orgnw,united states,xnas,None
Origin Property PCL ,ori,thailand,xbkk,residential building construction
Original Engineering Consultants Co. Ltd. ,4642,japan,xtks,diversified business services
Original Sixteen to One Mine Inc. ,osto,united states,ootc,gold
OriginClear Inc. ,ocln,united states,ootc,chemicals
Origo hf. ,origo,iceland,xice,computer services
Orinko Advanced Plastics Co. Ltd. A ,688219,china,xshg,chemicals
Oriola Oyj Series A ,okdav,finland,xhel,drug retail
Oriola Oyj Series B ,0nes,united kingdom,xlon,drug retail
Oriola Oyj Series B ,okdbv,finland,xhel,drug retail
Oriole Resources PLC ,orr,united kingdom,xlon,gold
Orion Acquisition Corp. ,ohpau,united states,xnas,shell companies
Orion Acquisition Corp. Cl A ,ohpa,united states,xnas,shell companies
Orion Acquisition Corp. Wt ,ohpaw,united states,xnas,None
Orion Biotech Opportunities Corp. ,oriau,united states,xnas,shell companies
Orion Biotech Opportunities Corp. Cl A ,oria,united states,xnas,shell companies
Open Orphan PLC ,orph,united kingdom,xlon,healthcare provision
Open Orphan PLC ,orph,ireland,xdub,healthcare provision
Open Text Corp. ,otex,united states,xnas,software
Open Text Corp. ,otex,canada,xtse,software
Openbase Inc. ,049480,south korea,xkrx,computer services
Opendoor Technologies Inc. ,open,united states,xnas,real estate developers
Openjobmetis S.p.A. ,ojm,italy,xmil,employment/training services
OpenLearning Ltd. ,oll,australia,xasx,consumer services
OPENLiMiT Holding AG ,o5h,germany,xfra,None
Openn Negotiation Ltd. ,opn,australia,xasx,computer services
Openpay Group Ltd. ,opy,australia,xasx,consumer finance
OpenSys (M) Bhd ,0040,malaysia,xkls,software
Opera Ltd. ADR ,opra,united states,xnas,internet/online
Operadora de Sites Mexicanos S.A.B. de C.V. A1 ,sites1a.1,mexico,xmex,wireless telecommunications services
OPG Power Ventures PLC ,opg,united kingdom,xlon,electric utilities
OpGen Inc. ,opgn,united states,xnas,biotechnology
Ophir Gold Corp. ,ophr,canada,xtsx,gold
Ophir Gold Corp. ,kpzif,united states,ootc,gold
Opiant Pharmaceuticals Inc. ,opnt,united states,xnas,pharmaceuticals
OPKO Health Inc. ,opk,united states,xnas,pharmaceuticals
OPKO Health Inc. ,opk,israel,xtae,pharmaceuticals
Opnet Technologies Co. Ltd. ,8034,taiwan,roco,networking
Oponeo.pl S.A. ,opn,poland,xwar,specialty retail
Oportun Financial Corp. ,oprt,united states,xnas,consumer finance
Oportunidad Bursatil S.A. ,s0914,spain,xmad,mutual & other funds
Oppein Home Group Inc. A ,603833,china,xshg,furniture
Oppenheimer Holdings Inc. Cl A ,opy,united states,xnys,securities
OppFi Inc. ,opfi,united states,xnys,computer services
OppFi Inc. Wt ,opfi.wt,united states,xnys,None
Opple Lighting Co. Ltd. ,603515,china,xshg,industrial electronics
Opportunity Bulgaria Investment AD-Sofia ,opbi,bulgaria,xbul,diversified holding companies
Opsens Inc. ,opssf,united states,ootc,networking
Opsens Inc. ,ops,canada,xtse,networking
OPT Machine Vision Tech Co. Ltd. A ,688686,china,xshg,precision products
OpTeam S.A. ,opm,poland,xwar,computer services
Optec International Inc. ,opti,united states,ootc,pharmaceuticals
Opter AB ,opter,sweden,xsto,software
Optex Group Co. Ltd. ,6914,japan,xtks,precision products
Optex Systems Holdings Inc. ,opxs,united states,ootc,defense equipment/products
Opthea Ltd. ,opt,australia,xasx,biotechnology
Opthea Ltd. ADR ,opt,united states,xnas,biotechnology
OptiBiotix Health PLC ,opti,united kingdom,xlon,biotechnology
Optical Cable Corp. ,occ,united states,xnas,industrial electronics
OptiCept Technologies AB ,opti,sweden,xsto,food products
Opticis Co. Ltd. ,109080,south korea,xkrx,networking
Optics Technology Holding Co. Ltd. A ,300489,china,xshe,aluminum
Optiemus Infracom Ltd. ,530135,india,xbom,wireless telecommunications services
Optigis S.A. ,opi,poland,xwar,software
OPTiM Corp. ,3694,japan,xtks,internet/online
Optima Automobile Group Holdings Ltd. ,8418,hong kong,xhkg,general services
Optima Medical Innovations Inc. ,tokif,united states,ootc,pharmaceuticals
Optima Prima Metal Sinergi ,opms,indonesia,xidx,wholesalers
Optimax Holdings Bhd ,0222,malaysia,xkls,healthcare provision
Optimax Technology Corp. ,3051,taiwan,xtai,chemicals
Optimi Health Corp. ,opti,canada,xcnq,food products
Optimi Health Corp. ,opthf,united states,ootc,food products
Optimi Health Corp. Wt ,opti.wt,canada,xcnq,None
OptimizeRx Corp. ,oprx,united states,xnas,computer services
Optimum III Value-Added Residential SOCIMI S.A. ,yova,spain,xmad,residential reits
Optimum Ventures Ltd. ,opv,canada,xtsx,mining support services
Optimum Ventures Ltd. ,opvlf,united states,ootc,mining support services
OptimumBank Holdings Inc. ,ophc,united states,xnas,banking
Optimus Finance Ltd. ,531254,india,xbom,general services
Optimus Group Co. Ltd. ,9268,japan,xtks,wholesalers
Optimus Healthcare Services Inc. ,ohcs,united states,ootc,specialty retail
Optinose Inc. ,optn,united states,xnas,pharmaceuticals
Option Care Health Inc. ,opch,united states,xnas,healthcare provision
OptiPharm Co. Ltd. ,153710,south korea,xkrx,pharmaceuticals
Optiscan Imaging Ltd. ,oil,australia,xasx,medical equipment/supplies
Optiva Inc. ,rknef,united states,ootc,software
Optiva Inc. ,opt,canada,xtse,software
Optivision Technology Inc. ,3666,taiwan,roco,chemicals
Optizen Labs S.A. ,opt,poland,xwar,software
Opto Circuits (India) Ltd. ,532391,india,xbom,medical equipment/supplies
Optomed Oyj ,optomed,finland,xhel,medical equipment/supplies
Optomed Oyj ,36u0,germany,xfra,None
Optorun Co. Ltd. ,6235,japan,xtks,industrial machinery
Optotech Corp. ,2340,taiwan,xtai,semiconductors
Optowide Technologies Co. Ltd. A ,688195,china,xshg,industrial electronics
Optronics Technologies S.A. ,optron,greece,xath,networking
OptronTec Inc. ,082210,south korea,xkrx,precision products
Opus Global Nyrt. ,opus,hungary,xbud,investment advisors
Opus One Gold Corp. ,oor,canada,xtsx,gold
OPY Acquisition Corp. I ,ohaau,united states,xnas,shell companies
OPY Acquisition Corp. I Cl A ,ohaa,united states,xnas,shell companies
OPY Acquisition Corp. I Wt ,ohaaw,united states,xnas,None
Opyl Ltd. ,opl,australia,xasx,emerging technologies
OR Group PJSC ,orup,russia,misx,wholesalers
Ora Banda Mining Ltd. ,obm,australia,xasx,gold
Ora Gold Ltd. ,oau,australia,xasx,gold
Oracle Corp. ,orcl,united states,xnys,software
Oracle Corp. ,orcl,mexico,xmex,software
Oracle Corp. ,orc,united states,xetr,software
Oracle Corp. Japan ,4716,japan,xtks,software
Oracle Corp. Japan ,oclcf,united states,ootc,software
Oracle Credit Ltd. ,539598,india,xbom,finance companies
Oracle Financial Services Software Ltd. ,532466,india,xbom,software
Oracle Power PLC ,orcp,united kingdom,xlon,coal
Orad Ltd. ,orad,israel,xtae,precision products
Oragenics Inc. ,ogen,united states,xase,biotechnology
ORAGIN Foods Inc. ,og,canada,xtsx,food retail
ORAGIN Foods Inc. ,oggff,united states,ootc,food retail
Oramed Pharmaceuticals Inc. ,ormp,united states,xnas,pharmaceuticals
Orange ,ora,france,xpar,wireless telecommunications services
Orange ,0oqv,united kingdom,xlon,wireless telecommunications services
Orange ,ora,austria,xwbo,wireless telecommunications services
Orange ,ora,italy,xmil,wireless telecommunications services
Orange ,fte,united states,xetr,wireless telecommunications services
Orange ,fnctf,united states,ootc,wireless telecommunications services
Orange ADR ,fte1,germany,xfra,None
Orange ADR ,oran,united states,xnys,wireless telecommunications services
Orange Belgium S.A. ,0fbs,united kingdom,xlon,wireless telecommunications services
Orange Belgium S.A. ,obel,belgium,xbru,wireless telecommunications services
Orange County Bancorp Inc. ,obt,united states,xnas,banking
Orange Electronic Co. Ltd. ,4554,taiwan,roco,precision products
Orange Minerals N.L. ,omx,australia,xasx,non-ferrous metals
Orange Polska S.A. ,opl,poland,xwar,wireless telecommunications services
Orange Polska S.A. ,pttwf,united states,ootc,wireless telecommunications services
Orange Sky Golden Harvest Entertainment (Holdings) Ltd. ,1132,hong kong,xhkg,motion picture/sound recording
Orange Tour Cultural Holding Ltd. ,8627,hong kong,xhkg,advertising/marketing/public relations
Orapi S.A. ,orap,france,xpar,chemicals
Orascom Development Egypt ,orhd,egypt,nilx,hotels
Orascom Development Holding AG ,0qoy,united kingdom,xlon,real estate developers
Orascom Development Holding AG ,odhn,switzerland,xswx,real estate developers
Orascom Financial Holding ,ofh,egypt,nilx,diversified holding companies
Orascom Investment Holding SAE ,oih,egypt,nilx,diversified holding companies
OraSure Technologies Inc. ,osur,united states,xnas,medical equipment/supplies
Orbia Advance Corp. S.A.B. de C.V. ,mxchf,united states,ootc,chemicals
Orbia Advance Corp. S.A.B. de C.V. ,orbia,mexico,xmex,chemicals
Orbia Advance Corp. S.A.B. de C.V. ADR ,mxchy,united states,ootc,chemicals
Orbis AG ,obs,united states,xetr,computer services
Orbit Exports Ltd. ,512626,india,xbom,clothing
Orbit Garant Drilling Inc. ,ogd,canada,xtse,mining support services
Orbit Garant Drilling Inc. ,obgrf,united states,ootc,mining support services
Orbit International Corp. ,orbt,united states,ootc,defense equipment/products
Orbit Technologies Ltd. ,orbi,israel,xtae,aerospace products/parts
Orbital Corp. Ltd. ,oec,australia,xasx,industrial machinery
Orbital Corp. Ltd. ,obtef,united states,ootc,industrial machinery
Orbital Energy Group Inc. ,oeg,united states,xnas,precision products
Orbitech Co. Ltd. ,046120,south korea,xkrx,technical services
Orca Energy Group Inc. Cl B ,orc.b,canada,xtsx,oil extraction
Orca Gold Inc. ,org,canada,xtsx,gold
Orca Gold Inc. ,canwf,united states,ootc,gold
Orcadian Energy PLC ,orca,united kingdom,xlon,oil extraction
Orcay Ortakoy Cay Sanayi ve Ticaret A.S. ,orcay.e,turkey,xist,non-alcoholic beverages/drinks
Orchard Funding Group PLC ,orch,united kingdom,xlon,finance companies
Orchard Therapeutics PLC ADR ,ortx,united states,xnas,biotechnology
Orchasp Ltd. ,532271,india,xbom,software
Orchestra Holdings Inc. ,6533,japan,xtks,advertising/marketing/public relations
Orchid Island Capital Inc. ,orc,united states,xnys,mortgage reits
ON Semiconductor Corp. ,on,united states,xnas,semiconductors
On the Beach Group PLC ,otb,united kingdom,xlon,tourism
On Track Innovations Ltd. ,otivf,united states,ootc,consumer finance
ON24 Inc. ,ontf,united states,xnys,software
On4 Communications Inc. ,onci,united states,ootc,software
On'ally Holdings PLC ,onal.n0000,sri lanka,xcol,real estate developers
Onano Industrial Corp. ,6405,taiwan,xtai,industrial products
Onassis Holdings Corp. ,onss,united states,ootc,diversified holding companies
Oncimmune Holdings PLC ,onc,united kingdom,xlon,biotechnology
Oncocyte Corp. ,ocx,united states,xnas,biotechnology
Oncocyte Corp. ,0kcc,united kingdom,xlon,biotechnology
Oncodesign S.A. ,alonc,france,xpar,pharmaceuticals
Oncologix Tech Inc. ,oclg,united states,ootc,medical equipment/supplies
Oncology Institute Inc. ,toi,united states,xnas,healthcare provision
Oncology Institute Inc. Wt ,toiiw,united states,xnas,None
Oncology Pharma Inc. ,onph,united states,ootc,healthcare provision
Oncolys BioPharma Inc. ,4588,japan,xtks,biotechnology
Oncolytics Biotech Inc. ,onc,canada,xtse,biotechnology
Oncolytics Biotech Inc. ,oncy,united states,xnas,biotechnology
Oncolytics Biotech Inc. Wt ,oncwf,united states,ootc,None
Oncolytics Biotech Inc. Wt ,onc.wt,canada,xtse,None
Onconova Therapeutics Inc. ,ontx,united states,xnas,biotechnology
Oncopeptides AB ,onco,sweden,xsto,pharmaceuticals
Oncopeptides AB ,onppf,united states,ootc,pharmaceuticals
Oncorus Inc. ,oncr,united states,xnas,biotechnology
OncoSec Medical Inc. ,oncs,united states,xnas,pharmaceuticals
OncoSil Medical Ltd. ,osl,australia,xasx,biotechnology
Oncotelic Therapeutics Inc. ,otlc,united states,ootc,biotechnology
OncoTherapy Science Inc. ,4564,japan,xtks,pharmaceuticals
OncoZenge AB ,oncoz,sweden,xsto,pharmaceuticals
Oncternal Therapeutics Inc. ,onct,united states,xnas,biotechnology
Ondas Holdings Inc. ,onds,united states,xnas,specialty retail
Onde S.A. ,ond,poland,xwar,industrial electronics
Ondeck Co. Ltd. ,7360,japan,xtks,investment advisors
Ondine Biomedical Inc. ,obi,united kingdom,xlon,biotechnology
Ondo InsurTech PLC ,ondo,united kingdom,xlon,precision products
One Bank Ltd. ,onebankltd,bangladesh,xdha,banking
One Capital JSC ,och,vietnam,hstc,hotels
One Career Inc. ,4377,japan,xtks,employment/training services
One Caribbean Media Ltd. ,ocm,trinidad and tobago,xtrn,publishing
One Corp. ,one,vietnam,hstc,networking
One Enterprise PCL ,onee,thailand,xbkk,motion picture/sound recording
One Equity Partners Open Water I Corp. ,oepwu,united states,xnas,shell companies
One Equity Partners Open Water I Corp. Cl A ,oepw,united states,xnas,shell companies
One Equity Partners Open Water I Corp. Wt ,oepww,united states,xnas,None
One Experience S.A. ,mloex,france,xpar,advertising/marketing/public relations
ONE Gas Inc. ,ogs,united states,xnys,gas utilities
One Global Service Provider Ltd. ,514330,india,xbom,accounting
ONE Group Hospitality Inc. ,stks,united states,xnas,restaurants
One Heritage Group PLC ,ohg,united kingdom,xlon,real estate developers
One Liberty Properties Inc. ,olp,united states,xnys,retail reits
One Media iP Group PLC ,omip,united kingdom,xlon,motion picture/sound recording
One More Level S.A. ,oml,poland,xwar,toys & games
One Point One Solutions Ltd. ,onepoint,india,xnse,diversified business services
One REIT Inc. ,3290,japan,xtks,industrial/office reits
One S.A. ,fmg,poland,xwar,diversified business services
One Software Technologies Ltd. ,one,israel,xtae,internet/online
One Solution S.A. ,one,poland,xwar,diversified business services
One Step Vending Corp. ,kosk,united states,ootc,industrial machinery
One Stop Systems Inc. ,oss,united states,xnas,computers/consumer electronics
ONE Swiss Bank S.A. ,one,switzerland,xswx,investment advisors
One Tech Holding ,oth,tunisia,xtun,industrial electronics
One to One Contacts PCL ,oto,thailand,xbkk,diversified business services
One United Properties ,one,romania,xbse,real estate developers
One World Lithium Inc. ,owrdf,united states,ootc,general mining
One World Lithium Inc. ,owli,canada,xcnq,general mining
One World Products Inc. ,owpc,united states,ootc,farming
One World Universe Inc. ,owuv,united states,ootc,industrial machinery
One World Ventures Inc. ,owvi,united states,ootc,finance companies
One2tribe S.A. ,o2t,poland,xwar,software
One4U Co. Ltd. ,122830,south korea,xkon,shell companies
One97 Communications Ltd. ,543396,india,xbom,internet/online
OneConnect Financial Technology Co. Ltd. ADR ,ocft,united states,xnys,computer services
Oneflow AB ,onef,sweden,xsto,software
OneForce Holdings Ltd. ,1933,hong kong,xhkg,software
Onegin Capital S.A. ,s2296,spain,xmad,mutual & other funds
ONEJOON Co. Ltd. ,382840,south korea,xkrx,building materials/products
Onelife Capital Advisors Ltd. ,533632,india,xbom,investment advisors
OneLogix Group Ltd. ,olg,south africa,xjse,transportation services
OneMain Holdings Inc. ,omf,united states,xnys,consumer finance
ONEnergy Inc. ,oeg.h,canada,xtsx,gas utilities
Oneness Biotech Co. Ltd. ,4743,taiwan,roco,pharmaceuticals
ONEOK Inc. ,0kci,united kingdom,xlon,gas utilities
ONEOK Inc. ,oke,united states,xnys,gas utilities
OneSoft Solutions Inc. ,ossif,united states,ootc,software
OneSoft Solutions Inc. ,oss,canada,xtsx,software
OneSpan Inc. ,ospn,united states,xnas,software
OneSpaWorld Holdings Ltd. ,osw,united states,xnas,consumer services
OneSpaWorld Holdings Ltd. Wt ,oswwf,united states,ootc,None
OneWater Marine Inc. Cl A ,onew,united states,xnas,specialty retail
Onex Corp. ,onexf,united states,ootc,investment advisors
Onex Corp. ,onex,canada,xtse,investment advisors
Onfolio Holdings ,onfo,united states,ipo,None
Onion Global Ltd. ADR ,og,united states,xnys,mixed retailing
Online Blockchain PLC ,obc,united kingdom,xlon,software
Online Brands Nordic AB ,obab,sweden,xsto,clothing retail
Online Vacation Center Holdings Corp. ,onvc,united states,ootc,tourism
Onlineformapro S.A. ,mlonl,france,xpar,employment/training services
Only World Group Holdings Bhd ,5260,malaysia,xkls,recreational services
OnMobile Global Ltd. ,532944,india,xbom,software
Ono Pharmaceutical Co. Ltd. ,4528,japan,xtks,pharmaceuticals
Ono Pharmaceutical Co. Ltd. ,ophlf,united states,ootc,pharmaceuticals
Ono Pharmaceutical Co. Ltd. ADR ,ophly,united states,ootc,pharmaceuticals
Ono Sokki Co. Ltd. ,6858,japan,xtks,precision products
Onoken Co. Ltd. ,7414,japan,xtks,building materials/products
Ontex Group N.V. ,ontex,belgium,xbru,nondurable household products
Ontex Group N.V. ,onxxf,united states,ootc,nondurable household products
Ontex Group N.V. ,0qvq,united kingdom,xlon,nondurable household products
OnTheMarket PLC ,otmp,united kingdom,xlon,internet/online
Ontic Finserve Ltd. ,540386,india,xbom,investment advisors
Onto Innovation Inc. ,onto,united states,xnys,precision products
Ontrak Inc. ,otrk,united states,xnas,healthcare provision
Ontrak Inc. ,hy1n,germany,xfra,healthcare provision
Ontrak Inc. 9.5% Cum. Perp. Pfd. ,otrkp,united states,xnas,healthcare provision
ONTSU Co. Ltd. ,7647,japan,xtks,mixed retailing
Onward Holdings Co. Ltd. ,8016,japan,xtks,clothing
Onward Medical N.V. ,onwd,belgium,xbru,medical equipment/supplies
Onward Technologies Ltd. ,517536,india,xbom,computer services
Onxeo S.A. ,alonx,france,xpar,pharmaceuticals
Onxeo S.A. ,onxeo,denmark,xcse,pharmaceuticals
Onyx Acquisition Co. I ,onyxu,united states,xnas,shell companies
Onyx Acquisition Co. I Cl A ,onyx,united states,xnas,shell companies
Onyx Acquisition Co. I Wt ,onyxw,united states,xnas,None
Onyx Healthcare Inc. ,6569,taiwan,roco,computer services
Ooedo Onsen REIT Investment Corp. ,3472,japan,xtks,hotel/lodging reits
OOH Holdings Ltd. ,8091,hong kong,xhkg,advertising/marketing/public relations
oOh!Media Ltd. ,oml,australia,xasx,advertising/marketing/public relations
Ookami Ltd. ,ook,australia,xasx,computer services
Ooma Inc. ,ooma,united states,xnys,wired telecommunications services
Oomitsu Co. Ltd. ,3160,japan,xtks,food retail
OOOOO Entertainment Commerce Ltd. ,oooo,canada,xtsx,shell companies
OOOOO Entertainment Commerce Ltd. ,oooof,united states,ootc,shell companies
Ooredoo QSC ,ords,united arab emirates,xads,wireless telecommunications services
Ooredoo QSC ,ords,qatar,dsmd,wireless telecommunications services
OP Bancorp ,opbk,united states,xnas,banking
Opal Balance Investments Ltd. ,opal,israel,xtae,investment advisors
OPAP S.A. ,grkzf,united states,ootc,gambling industries
OPASNET Co. Ltd. ,173130,south korea,xkrx,computer services
Opawica Explorations Inc. ,opwef,united states,ootc,gold
Opawica Explorations Inc. ,opw,canada,xtsx,gold
O'Pay Electronic Payment Co. Ltd. ,6878,taiwan,roco,consumer finance
OPC Energy Ltd. ,opce,israel,xtae,electric utilities
OPC Pharmaceutical JSC ,opc,vietnam,xstc,pharmaceuticals
OPCOM Holdings Bhd ,0035,malaysia,xkls,industrial electronics
Open Door Inc. ,3926,japan,xtks,internet/online
Open Door Inc. ,opndf,united states,ootc,internet/online
Open Finance S.A. ,opf,poland,xwar,investment advisors
Open House Group Co. Ltd. ,3288,japan,xtks,real estate developers
Open Lending Corp. Cl A ,lpro,united states,xnas,finance companies
Open Orphan PLC ,orph,united kingdom,xlon,healthcare provision
Okura Industrial Co. Ltd. ,4221,japan,xtks,chemicals
OKWave Inc. ,3808,japan,xngo,internet/online
Okyo Pharma Corp. ,okyo,united kingdom,xlon,biotechnology
Okyo Pharma Corp. ,emmlf,united states,ootc,biotechnology
Okyo Pharma Ltd. ADR ,okyo,united states,xnas,biotechnology
Olam Group Ltd. ,vc2,singapore,xses,food products
Olaplex Holdings Inc. ,olpx,united states,xnas,personal care products/appliances
Olav Thon Eiendomsselskap ASA ,olt,norway,xosl,real estate developers
Olav Thon Eiendomsselskap ASA ,0fhp,united kingdom,xlon,real estate developers
OLB Group Inc. ,olb,united states,xnas,internet/online
Olba Healthcare Holdings Inc. ,2689,japan,xtks,medical equipment/supplies
Old Chang Kee Ltd. ,5ml,singapore,xses,food retail
Old Dominion Freight Line Inc. ,odfl,united states,xnas,trucking
Old Mutual Ltd. ,omm,namibia,xnam,life insurance
Old Mutual Ltd. ,omu,south africa,xjse,life insurance
Old Mutual Ltd. ,omu,united kingdom,xlon,life insurance
Old National Bancorp ,onb,united states,xnas,banking
Old National Bancorp Dep. Pfd. (Rep. 1/40th Perp. Pfd. Series A) ,onbpp,united states,xnas,banking
Old National Bancorp Dep. Pfd. (Rep. 1/40th Perp. Pfd. Series C) ,onbpo,united states,xnas,banking
Old Point Financial Corp. ,opof,united states,xnas,banking
Old Republic International Corp. ,ori,united states,xnys,non-life insurance
Old Second Bancorp Inc. ,osbc,united states,xnas,banking
Oldfields Holdings Ltd. ,olh,australia,xasx,building materials/products
Olectra Greentech Ltd. ,532439,india,xbom,None
Olema Pharmaceuticals Inc. ,olma,united states,xnas,biotechnology
Olimpo Real Estate Portugal SIGI S.A. ,mlore,portugal,xlis,retail reits
Olimpo Real Estate SOCIMI S.A. ,yore,spain,xmad,diversified reits
Olin Corp. ,oln,united states,xnys,chemicals
Olink Holding AB ADR ,olk,united states,xnas,biotechnology
OliPass Corp. ,244460,south korea,xkrx,biotechnology
Olive Resource Capital Inc. ,oc,canada,xtsx,mining support services
Olive Tree Estates Ltd. ,1h2,singapore,xses,chemicals
Oliveda International Inc. ,olvi,united states,ootc,personal care products/appliances
Olivut Resources Ltd. ,olvrf,united states,ootc,general mining
Olivut Resources Ltd. ,olv,canada,xtsx,general mining
OliX Pharmaceuticals Inc. ,226950,south korea,xkrx,biotechnology
Ollie's Bargain Outlet Holdings Inc. ,olli,united states,xnas,mixed retailing
Olo Inc. ,olo,united states,xnys,internet/online
OLP Financial Services Pakistan Ltd. ,olpl,pakistan,xkar,general services
OLP Modaraba ,olpm,pakistan,xkar,closed-end funds
Olvi Oyj Series A ,0fhs,united kingdom,xlon,alcoholic beverages/drinks
Olvi Oyj Series A ,olvas,finland,xhel,alcoholic beverages/drinks
Olympia Capital Holdings Ltd. ,och,kenya,xnai,building materials/products
Olympia Financial Group Inc. ,oly,canada,xtse,investment advisors
Olympia Industries Bhd ,3018,malaysia,xkls,gambling industries
Olympia Industries Ltd. ,521105,india,xbom,clothing
Olympic Accessories Ltd. ,oal,bangladesh,xdha,containers/packaging
Olympic Cards Ltd. ,534190,india,xbom,publishing
Olympic Circuit Technology Co. Ltd. A ,603920,china,xshg,industrial electronics
Olympic Group Corp. ,8289,japan,xtks,mixed retailing
Olympic Industries Ltd. ,olympic,bangladesh,xdha,food products
Olympic Oil Industries Ltd. ,507609,india,xbom,food products
Olympic Steel Inc. ,zeus,united states,xnas,iron/steel
Olympique Lyonnais Groupe ,oqlgf,united states,ootc,recreational services
Olympique Lyonnais Groupe ,olg,france,xpar,recreational services
Olympus Corp. ,7733,japan,xtks,medical equipment/supplies
Olympus Corp. ,ocpnf,united states,ootc,medical equipment/supplies
Olympus Corp. ADR ,ocpny,united states,ootc,medical equipment/supplies
Om Holdings International Inc. ,omhi,united states,ootc,mining support services
OM Holdings Ltd. ,omh,australia,xasx,non-ferrous metals
OM Holdings Ltd. ,5298,malaysia,xkls,non-ferrous metals
Om Infra Ltd. ,531092,india,xbom,technical services
Oma Saastopankki Oyj ,omasp,finland,xhel,banking
Omai Gold Mines Corp. ,omg,canada,xtsx,general mining
Omai Gold Mines Corp. ,omggf,united states,ootc,general mining
Oman & Emirates Investment Holding Co. S.A.O.G. ,oeio,oman,xmus,finance companies
Oman Arab Bank SAOC ,oab,oman,xmus,banking
Oman Cables Industry SAOG ,ocai,oman,xmus,industrial electronics
Oman Cement Co. SAOG ,ocoi,oman,xmus,building materials/products
Oman Chlorine S.A.O.G. ,ochl,oman,xmus,chemicals
Oman Education & Training Investment Co. SAOG ,oeti,oman,xmus,consumer services
Oman Fisheries Co. SAOG ,ofci,oman,xmus,fishing
Oman Flour Mills Co. S.A.O.G. ,ofmi,oman,xmus,food products
Oman Insurance Co. P.S.C. ,oic,united arab emirates,xdfm,full-line insurance
Oman International Development & Investment Co. SAOG ,omvs,oman,xmus,finance companies
Oman Investment & Finance Co. SAOG ,oifc,oman,xmus,consumer finance
Oman National Engineering & Investment Co. S.A.O.G. ,ones,oman,xmus,multiutilities
Oman Oil Marketing Co. SAOG ,ooms,oman,xmus,specialty retail
Oman Qatar Insurance Co. SAOG ,oqic,oman,xmus,non-life insurance
Oman REIT Fund ,omrf,oman,xmus,closed-end funds
Oman Telecommunications Co. SAOG ,otel,oman,xmus,wired telecommunications services
Oman United Insurance Co. S.A.O.G. ,ouic,oman,xmus,full-line insurance
Omani Packaging Co. SAOG ,opci,oman,xmus,containers/packaging
Omani Qatari Telecommunications Co. S.A.O.G. ,ords,oman,xmus,wireless telecommunications services
Omansh Enterprises Ltd. ,538537,india,xbom,wholesalers
Omatek Ventures PLC ,omatek,nigeria,xnsa,computers/consumer electronics
Omax Autos Ltd. ,520021,india,xbom,motor vehicle parts
Omaxe Ltd. ,532880,india,xbom,real estate developers
Ombu Inversiones S.A. ,s2292,spain,xmad,mutual & other funds
OMDA Oil & Gas Inc. ,ooag,united states,ootc,oil extraction
Omega Alpha SPAC Cl A ,omeg,united states,xnas,shell companies
Omega Diagnostics Group PLC ,odx,united kingdom,xlon,medical equipment/supplies
Omega Flex Inc. ,oflx,united states,xnas,building materials/products
Omega Healthcare Investors Inc. ,0kbl,united kingdom,xlon,healthcare reits
Omega Healthcare Investors Inc. ,ohi,united states,xnys,healthcare reits
Omega Interactive Technologies Ltd. ,511644,india,xbom,software
Omega Therapeutics Inc. ,omga,united states,xnas,biotechnology
Omer S.p.A. ,omer,italy,xmil,industrial machinery
Omer-Decugis & Cie. S.A. ,alodc,france,xpar,food retail
Omeros Corp. ,omer,united states,xnas,biotechnology
Omesti Bhd ,9008,malaysia,xkls,computer services
Omfurn India Ltd. ,omfurn,india,xnse,furniture
OMH SCIENCE Group Co. Ltd. A ,300486,china,xshe,precision products
Omico Corp. ,om,philippines,xphs,real estate developers
Omicron Inversiones S.A. ,s2313,spain,xmad,mutual & other funds
OMID Holdings Inc. ,omid,united states,ootc,investment advisors
Omikenshi Co. Ltd. ,3111,japan,xtks,clothing
Omineca Mining & Metals Ltd. ,ommsf,united states,ootc,gold
Omineca Mining & Metals Ltd. ,omm,canada,xtsx,gold
Omkar Overseas Ltd. ,531496,india,xbom,wholesalers
Omkar Pharmachem Ltd. ,532167,india,xbom,pharmaceuticals
Omkar Speciality Chemicals Ltd. ,533317,india,xbom,chemicals
Omni AXS Software Ltd. ,532340,india,xbom,software
Omni Bridgeway Ltd. ,obl,australia,xasx,finance companies
Omni Health Inc. ,omhe,united states,ootc,tobacco
Omnia Holdings Ltd. ,omn,south africa,xjse,chemicals
Omnia Metals Group Ltd. ,om1,australia,xasx,non-ferrous metals
Omnia Wellness Inc. ,omws,united states,ootc,general services
Omnibridge Holdings Ltd. ,8462,hong kong,xhkg,employment/training services
Omnicane Ltd. ,mtmd,mauritius,xmau,farming
OmniCar Holding AB ,omni,sweden,xsat,software
Omnicell Inc. ,omcl,united states,xnas,computer services
Omnichannel Acquisition Corp. ,oca.ut,united states,xnys,shell companies
Omnichannel Acquisition Corp. Cl A ,oca,united states,xnys,shell companies
Omnichannel Acquisition Corp. Wt ,oca.wt,united states,xnys,None
Omnicom Group Inc. ,0kbk,united kingdom,xlon,advertising/marketing/public relations
Omnicom Group Inc. ,omc,united states,xnys,advertising/marketing/public relations
Omnijoi Media Corp. A ,300528,china,xshe,motion picture/sound recording
OmniLit Acquisition Corp. ,olitu,united states,xnas,shell companies
OmniLit Acquisition Corp. Cl A ,olit,united states,xnas,shell companies
OmniLit Acquisition Corp. Wt ,olitw,united states,xnas,None
Omni-Lite Industries Canada Inc. ,olncf,united states,ootc,industrial products
Omni-Lite Industries Canada Inc. ,oml,canada,xtsx,industrial products
Omnipotent Industries Ltd. ,543400,india,xbom,coal
OMNIQ Corp. ,omqs,united states,xnas,software
Omnisystem Co. Ltd. ,057540,south korea,xkrx,precision products
Omnitek Engineering Corp. ,omtk,united states,ootc,motor vehicle parts
Omnitex Industries (India) Ltd. ,514324,india,xbom,clothing
Omoljica AD ,omol,serbia,xbel,farming
Omron Corp. ,6645,japan,xtks,precision products
OMRON Corp. ,omrnf,united states,ootc,precision products
OMRON Corp. ADR ,omrny,united states,ootc,precision products
OMV AG ,omv,austria,xwbo,major oil & gas
OMV AG ,0mkh,united kingdom,xlon,major oil & gas
OMV AG ,omv,united states,xetr,major oil & gas
OMV AG ADR ,omvky,united states,ootc,major oil & gas
OMV Petrom S.A. ,snp,romania,xbse,major oil & gas
OMV Petrom S.A. GDR ,petb,united kingdom,xlon,major oil & gas
OMZ Pfd. ,omzzp,russia,misx,industrial electronics
On Holding AG ,onon,united states,xnys,footwear
Ocwen Financial Corp. ,ocn,united states,xnys,mortgages
OD Tech Co. Ltd. ,080520,south korea,xkrx,semiconductors
Odakyu Electric Railway Co. Ltd. ,oderf,united states,ootc,railroads
Odakyu Electric Railway Co. Ltd. ,9007,japan,xtks,railroads
ODAS Elektrik Uretim Sanayi Ticaret A.S. ,odas.e,turkey,xist,electric utilities
Odawara Auto Machine Mfg. Co. Ltd. ,7314,japan,xjas,computers/consumer electronics
Odd Burger Corp. ,odd,canada,xtsx,shell companies
Odd Burger Corp. ,oddaf,united states,ootc,shell companies
Odel PLC ,odel.n0000,sri lanka,xcol,clothing retail
Odessa Minerals Ltd. ,ode,australia,xasx,gemstones
Odfjell Drilling Ltd. ,odl,norway,xosl,oil & gas products/services
Odfjell Drilling Ltd. ,0qhx,united kingdom,xlon,oil & gas products/services
Odfjell S.E. Series B ,odfb,norway,xosl,water transport/shipping
Odfjell SE ,odf,norway,xosl,water transport/shipping
Odfjell Technology Ltd. ,otl,norway,xosl,oil & gas products/services
ODI Pharma AB ,odi,sweden,xsat,pharmaceuticals
Odico A/S ,odico,denmark,xcse,technical services
Odin for Investment & Development ,odid,egypt,nilx,finance companies
Odin Investments ,odin,egypt,nilx,investment advisors
Odin Metals Ltd. ,odm,australia,xasx,gold
Odinwell AB ,odin,sweden,xsat,medical equipment/supplies
ODK Solutions Co. Ltd. ,3839,japan,xtks,software
Odlewnie Polskie S.A. ,odl,poland,xwar,iron/steel
Odonate Therapeutics Inc. ,odtc,united states,ootc,pharmaceuticals
Odontoprev S/A Ord ,odpv3,brazil,bvmf,life insurance
ODP Corp. ,odp,united states,xnas,specialty retail
Odyssean Investment Trust PLC ,oit,united kingdom,xlon,closed-end funds
Odyssey Corp. Ltd. ,531996,india,xbom,finance companies
Odyssey Gold Ltd. ,ody,australia,xasx,gold
Odyssey Group International Inc. ,odyy,united states,ootc,pharmaceuticals
Odyssey Marine Exploration Inc. ,omex,united states,xnas,diversified business services
Odyssey Resources Ltd. ,odx.h,canada,xtsx,general mining
Odyssey Semiconductor Technologies Inc. ,odii,united states,ootc,semiconductors
Odyssey Technologies Ltd. ,530175,india,xbom,software
OE Solutions Co. Ltd. ,138080,south korea,xkrx,semiconductors
Oekoworld AG Pfd. ,vvv3,united states,xetr,investment advisors
OEL (Holdings) Ltd. ,584,singapore,xses,real estate developers
OEM-International AB Series B ,oem.b,sweden,xsto,industrial electronics
OENEO ,0o33,united kingdom,xlon,containers/packaging
OENEO ,sbt,france,xpar,containers/packaging
Oenon Holdings Inc. ,2533,japan,xtks,alcoholic beverages/drinks
Oersted A/S ,0rhe,united kingdom,xlon,renewable energy generation
Oersted A/S ,dogef,united states,ootc,renewable energy generation
Oersted A/S ,orsted,denmark,xcse,renewable energy generation
Oersted A/S ADR ,dnngy,united states,ootc,renewable energy generation
Oesterreichische Post AG ,post,austria,xwbo,air freight
Oesterreichische Post AG ,0ntm,united kingdom,xlon,air freight
Oesterreichische Post AG ,o3p,united states,xetr,air freight
OEX S.A. ,oex,poland,xwar,diversified business services
OFCO Industrial Corp. ,5011,taiwan,roco,industrial products
Offcn Education Technology Co. Ltd. A ,002607,china,xshe,employment/training services
Offerpad Solutions Inc. Cl A ,opad,united states,xnys,real estate developers
Offerpad Solutions Inc. Wt ,opad.wt,united states,xnys,None
Office Nationale des Telecommunications du Burkina Faso ,ontbf,ivory coast,xbrv,wireless telecommunications services
Office Properties Income Trust ,opi,united states,xnas,industrial/office reits
Office Properties Income Trust 6.375% Sr. Notes due 2050 ,opinl,united states,xnas,industrial/office reits
OfficePlast S.A. ,plast,tunisia,xtun,home goods retail
Offshore Oil Engineering Co. Ltd. A ,600583,china,xshg,oil & gas products/services
Offtec Holding Group PLC ,oftc,jordan,xamm,software
OFG Bancorp ,ofg,united states,xnys,banking
OFILM Group Co. Ltd. A ,002456,china,xshe,precision products
OFS Capital Corp. ,ofs,united states,xnas,closed-end funds
OFS Capital Corp. 4.95% Notes due 2028 ,ofssh,united states,xnas,closed-end funds
OFS Credit Co. Inc. 5.25% Pfd. Series E ,occin,united states,xnas,closed-end funds
OFS Credit Co. Inc. 6.125% Pfd. Series C ,occio,united states,ootc,closed-end funds
Ofuna Technology Co. Ltd. ,4577,taiwan,roco,precision products
OFX Group Ltd. ,ofx,australia,xasx,consumer finance
OFX Group Ltd. ADR ,ozfry,united states,ootc,consumer finance
Ogaki Kyoritsu Bank Ltd. ,8361,japan,xtks,banking
OGE Energy Corp. ,oge,united states,xnys,electric utilities
Ogunsen AB Series B ,ogun.b,sweden,xsto,employment/training services
Ohara Inc. ,5218,japan,xtks,industrial electronics
Ohashi Technica Inc. ,7628,japan,xtks,wholesalers
OHB SE ,ohb,united states,xetr,aerospace products/parts
OHB SE ,0fh7,united kingdom,xlon,aerospace products/parts
Ohba Co. Ltd. ,9765,japan,xtks,construction
Oheim Int Co. Ltd. ,309930,south korea,xkrx,furniture
Ohio Valley Banc Corp. ,ovbc,united states,xnas,banking
Ohizumi Mfg. Co. Ltd. ,6618,japan,xtks,precision products
Ohmori Co. Ltd. ,1844,japan,xtks,construction
Ohsho Food Service Corp. ,9936,japan,xtks,restaurants
OHTL PCL ,ohtl,thailand,xbkk,hotels
O-I Glass Inc. ,oi,united states,xnys,containers/packaging
Oi S.A. ADR ,oibzq,united states,ootc,wired telecommunications services
Oi S.A. Ord ,oibr3,brazil,bvmf,wired telecommunications services
Oi S.A. Ord ADR ,tsll,germany,xfra,wired telecommunications services
Oi S.A. Pref ,oibr4,brazil,bvmf,wired telecommunications services
Oi Wah Pawnshop Credit Holdings Ltd. ,1319,hong kong,xhkg,finance companies
Oicintra Inc. ,oict,united states,ootc,gold
Oie Sangyo Co. Ltd. ,7481,japan,xtks,food products
Oil & Gas Development Co. Ltd. ,ogdc,pakistan,xkar,oil extraction
Oil & Gas Exploration & Production AD ,ngaz,bulgaria,xbul,oil extraction
Oil & Natural Gas Corp. Ltd. ,500312,india,xbom,None
Oil Country Tubular Ltd. ,500313,india,xbom,oil & gas products/services
Oil India Ltd. ,533106,india,xbom,oil extraction
Oil Refineries Ltd. ,oilrf,united states,ootc,oil & gas products/services
Oil Refineries Ltd. ,orl,israel,xtae,oil & gas products/services
Oil States International Inc. ,ois,united states,xnys,oil & gas products/services
Oil Terminal S.A. Constanta ,oil,romania,xbse,oil & gas products/services
Oilboy Energy Ltd. ,oboy,pakistan,xkar,diversified business services
Oil-Dri Corp. of America ,odc,united states,xnys,nondurable household products
Oiles Corp. ,6282,japan,xtks,industrial machinery
Oilex Ltd. ,oex,australia,xasx,oil extraction
Oilex Ltd. ,oex,united kingdom,xlon,oil extraction
Oiltek International Ltd. ,hqu,singapore,xses,technical services
Oimex Electrode Ltd. ,oimex,bangladesh,xdha,industrial electronics
OIO Holdings Ltd. ,kux,singapore,xses,technical services
Oishi Group PCL ,oishi,thailand,xbkk,non-alcoholic beverages/drinks
Oisix Ra Daichi Inc. ,3182,japan,xtks,food retail
Oita Bank Ltd. ,8392,japan,xtks,banking
Oizumi Corp. ,6428,japan,xtks,gambling industries
Oji Holdings Corp. ,ojipf,united states,ootc,paper/pulp
Oji Holdings Corp. ,3861,japan,xtks,paper/pulp
Oji Holdings Corp. ADR ,ojipy,united states,ootc,paper/pulp
OK Biotech Co. Ltd. ,4155,taiwan,xtai,medical equipment/supplies
OK Play India Ltd. ,526415,india,xbom,toys & games
Ok Zimbabwe Ltd. ,okz,zimbabwe,xzim,food retail
OKA Corp. Bhd ,7140,malaysia,xkls,building materials/products
Okabe Co. Ltd. ,5959,japan,xtks,building materials/products
Okada Aiyon Corp. ,6294,japan,xtks,mobile machinery
Okamoto Industries Inc. ,5122,japan,xtks,industrial products
Okamoto Machine Tool Works Ltd. ,6125,japan,xtks,industrial machinery
Okamura Corp. ,7994,japan,xtks,furniture
Okano Valve Mfg. Co. Ltd. ,6492,japan,xtks,industrial machinery
Okapi Resources Ltd. ,okr,australia,xasx,gold
Okasan Securities Group Inc. ,8609,japan,xtks,securities
Okaya & Co. Ltd. ,7485,japan,xngo,wholesalers
Okaya Electric Industries Co. Ltd. ,6926,japan,xtks,industrial electronics
Okayamaken Freight Transportation Co. Ltd. ,9063,japan,xtks,trucking
OKE Precision Cutting Tools Co. Ltd. A ,688308,china,xshg,industrial products
Okeanis Eco Tankers Corp. ,oet,norway,xosl,water transport/shipping
Oker Inversiones S.A. ,s2285,spain,xmad,mutual & other funds
O'Key Group S.A. GDR ,okey,russia,misx,food retail
OKG Technology Holdings Ltd. ,1499,hong kong,xhkg,construction
OKH Global Ltd. ,s3n,singapore,xses,construction
Oki Electric Industry Co. Ltd. ,6703,japan,xtks,computers/consumer electronics
Okinawa Electric Power Co. Inc. ,9511,japan,xtks,electric utilities
Okinawa Financial Group Inc. ,7350,japan,xtks,banking
OKins Electronics Co. Ltd. ,080580,south korea,xkrx,semiconductors
OKK Corp. ,6205,japan,xtks,industrial machinery
Oklo Resources Ltd. ,oku,australia,xasx,non-ferrous metals
Okomu Oil Palm Co. PLC ,okomuoil,nigeria,xnsa,farming
Okong Corp. ,045060,south korea,xkrx,chemicals
OKP Holdings Ltd. ,5cf,singapore,xses,construction
OKTA AD Skopje ,okta,macedonia,xmae,major oil & gas
Okta Inc. Cl A ,okta,united states,xnas,internet/online
OKUMA Corp. ,6103,japan,xtks,industrial machinery
Okumura Corp. ,1833,japan,xtks,construction
Okumura Engineering Corp. ,6229,japan,xtks,industrial products
Okura Industrial Co. Ltd. ,4221,japan,xtks,chemicals
