name,symbol,country,exchange,sector
Abbott Laboratories ,abt,switzerland,xswx,pharmaceuticals
Abbott Laboratories Pakistan Ltd. ,abot,pakistan,xkar,pharmaceuticals
AbbVie Inc. ,abbv,united states,xnys,biotechnology
AbbVie Inc. ,0qcv,united kingdom,xlon,biotechnology
AbbVie Inc. ,4ab,united states,xetr,biotechnology
ABC Arbitrage S.A. ,abca,france,xpar,investment advisors
ABC Arbitrage S.A. ,0opj,united kingdom,xlon,investment advisors
ABC Banking Corp. Ltd. ,abcb,mauritius,xmau,banking
ABC Gas (International) Ltd. ,513119,india,xbom,non-ferrous metals
ABC India Ltd. ,520123,india,xbom,transportation services
ABC Multiactive Ltd. ,8131,hong kong,xhkg,software
ABC Taiwan Electronics Corp. ,3236,taiwan,roco,industrial electronics
ABC Technologies Holdings Inc. ,abct,canada,xtse,motor vehicle parts
ABC Transport PLC ,abctrans,nigeria,xnsa,"passenger transport, other"
Abcam PLC ,abc,united kingdom,xlon,biotechnology
Abcam PLC ,abczf,united states,ootc,biotechnology
Abcam PLC ADR ,abcm,united states,xnas,biotechnology
AbCellera Biologics Inc. ,abcl,united states,xnas,biotechnology
AbClon Inc. ,174900,south korea,xkrx,biotechnology
ABC-Mart Inc. ,2670,japan,xtks,footwear
Abco Electronics Co. Ltd. ,036010,south korea,xkrx,industrial electronics
ABCO Energy Inc. ,abce,united states,ootc,construction
Abcourt Mines Inc. ,abi,canada,xtsx,general mining
Abcourt Mines Inc. ,abmbf,united states,ootc,general mining
Abdullah Al Othaim Markets Co. ,4001,saudi arabia,xsau,food retail
Abdullah Saad Mohammed Abo Moati for Bookstores Co. ,4191,saudi arabia,xsau,specialty retail
Abdullah Shah Ghazi Sugar Mills Ltd. ,agsml,pakistan,xkar,food products
Abdulmohsen Alhokair Group for Tourism & Development Co. ,1820,saudi arabia,xsau,hotels
Abelco Investment Group AB ,abig,sweden,xngm,finance companies
Aben Resources Ltd. ,abn,canada,xtsx,gold
Aben Resources Ltd. ,e2l2,germany,xfra,gold
Aben Resources Ltd. ,abnaf,united states,ootc,gold
Abeo S.A. ,abeo,france,xpar,sports goods
Abeona Therapeutics Inc. ,0h7r,united kingdom,xlon,biotechnology
Abeona Therapeutics Inc. ,abeo,united states,xnas,biotechnology
Abera Bioscience AB ,abera,sweden,xsat,pharmaceuticals
Abercrombie & Fitch Co. ,0r32,united kingdom,xlon,clothing retail
Abercrombie & Fitch Co. ,anf,united states,xnys,clothing retail
Aberdeen Income Credit Strategies Fund 5.25% Perp. Pfd. Series A ,acp.pra,united states,xnys,closed-end funds
Aberdeen International Inc. ,aab,canada,xtse,banking
Aberdeen International Inc. ,aabvf,united states,ootc,banking
Aberforth Split Level Income Trust PLC ZDP ,asiz,united kingdom,xlon,closed-end funds
ABG Acquisition Corp. I Cl A ,abgi,united states,xnas,shell companies
ABG Sundal Collier Holding ASA ,abg,norway,xosl,investment advisors
ABG Sundal Collier Holding ASA ,0izm,united kingdom,xlon,investment advisors
ABG Sundal Collier Holding ASA ,abgsf,united states,ootc,investment advisors
Abhinav Capital Services Ltd. ,532057,india,xbom,finance companies
Abhinav Leasing & Finance Ltd. ,538952,india,xbom,consumer finance
Abhishek Finlease Ltd. ,538935,india,xbom,finance companies
Abhishek Infraventures Ltd. ,539544,india,xbom,construction
Abico AVY Co. Ltd. ,5392,taiwan,roco,industrial products
Abico Holdings PCL ,abico,thailand,xbkk,farming
ABICO NetCom Co. Ltd. ,8071,taiwan,roco,audio/video equipment
Ability Enterprise Co. Ltd. ,2374,taiwan,xtai,leisure goods
Ability Inc. ,abil,israel,xtae,precision products
Ability Opto-Electronics Technology Co. Ltd. ,3362,taiwan,roco,precision products
Abingdon Health PLC ,abdx,united kingdom,xlon,medical equipment/supplies
Abiomed Inc. ,abmd,united states,xnas,medical equipment/supplies
Abiomed Inc. ,0h7s,united kingdom,xlon,medical equipment/supplies
Abion Inc. ,203400,south korea,xkrx,biotechnology
ABIONYX Pharma S.A. ,abnx,france,xpar,biotechnology
Abirami Financial Services India Ltd. ,511756,india,xbom,investment advisors
Abist Co. Ltd. ,6087,japan,xtks,technical services
Abitare In S.p.A. ,abt,italy,xmil,building materials/products
Abivax S.A. ,0ra9,united kingdom,xlon,pharmaceuticals
Abivax S.A. ,abvx,france,xpar,pharmaceuticals
ABKO Co. Ltd. ,129890,south korea,xkrx,computers/consumer electronics
ABL Bio Inc. ,298380,south korea,xkrx,biotechnology
ABL Diagnostics S.A. ,abld,france,xpar,software
Ablana Invest S.A. ,s0017,spain,xmad,mutual & other funds
Able C&C Inc. ,078520,south korea,xkrx,personal care products/appliances
Able Engineering Holdings Ltd. ,1627,hong kong,xhkg,construction
Able Global Bhd ,7167,malaysia,xkls,food products
AbleGroup Bhd ,7086,malaysia,xkls,building materials/products
Ablerex Electronics Co. Ltd. ,3628,taiwan,roco,industrial electronics
Abliva AB ,abli,sweden,xsto,pharmaceuticals
ABM Fujiya Bhd ,5198,malaysia,xkls,motor vehicle parts
ABM Industries Inc. ,abm,united states,xnys,diversified business services
ABM International Ltd. ,abmintlltd,india,xnse,wholesalers
ABM Investama ,abmm,indonesia,xidx,coal
ABM Knowledgeware Ltd. ,531161,india,xbom,software
ABN AMRO Bank N.V. ADR ,aavmy,united states,ootc,major international banks
ABN Systems International S.A. ,abn,romania,xbse,wholesalers
Abnova (Taiwan) Corp. ,4133,taiwan,xtai,biotechnology
ABO Wind AG ,ab9,united states,xetr,renewable energy generation
AboCom Systems Inc. ,2444,taiwan,xtai,networking
ABO-Group Environment N.V. ,0qxa,united kingdom,xlon,technical services
ABO-Group Environment N.V. ,abo,belgium,xbru,technical services
Aboitiz Equity Ventures Inc. ,aev,philippines,xphs,electric utilities
Aboitiz Equity Ventures Inc. ADR ,abtzy,united states,ootc,electric utilities
Aboitiz Power Corp. ,ap,philippines,xphs,renewable energy generation
Abonmax Co. Ltd. ,2429,taiwan,xtai,industrial electronics
About You Holding AG ,you,united states,xetr,clothing retail
ABOV Semiconductor Co. Ltd. ,102120,south korea,xkrx,semiconductors
Abpro Bio Co. Ltd. ,195990,south korea,xkrx,precision products
Academedia AB ,0rhn,united kingdom,xlon,consumer services
ABR Holdings Ltd. ,533,singapore,xses,food products
Abra Information Technologies Ltd. ,abra,israel,xtae,software
Academedia AB ,acad,sweden,xsto,consumer services
Academies Australasia Group Ltd. ,akg,australia,xasx,consumer services
AbraSilver Resource Corp. ,abbrf,united states,ootc,oil extraction
AbraSilver Resource Corp. ,abra,canada,xtsx,oil extraction
Academy of Environmental Planning & Design Nanjing University Co. Ltd. A ,300864,china,xshe,environment/waste management
Academy Press PLC ,academy,nigeria,xnsa,printing
Abrau-Durso OAO ,abrd,russia,misx,alcoholic beverages/drinks
Academy Sports & Outdoors Inc. ,aso,united states,xnas,specialty retail
Acadia Healthcare Co. Inc. ,achc,united states,xnas,healthcare provision
Abraxas Petroleum Corp. ,axas,united states,ootc,oil extraction
abrdn European Logistics Income PLC ,asli,united kingdom,xlon,closed-end funds
ACADIA Pharmaceuticals Inc. ,acad,united states,xnas,biotechnology
Acadia Realty Trust ,akr,united states,xnys,retail reits
abrdn PLC ,abdn,united kingdom,xlon,investment advisors
abrdn PLC ,slfpf,united states,ootc,investment advisors
Acadian Timber Corp. ,acazf,united states,ootc,forestry & wood products
Acadian Timber Corp. ,adn,canada,xtse,forestry & wood products
abrdn PLC ADR ,slfpy,united states,ootc,investment advisors
Abri SPAC I Inc. ,aspau,united states,xnas,shell companies
Acanthe Developpement SE ,acan,france,xpar,industrial/office reits
Acanto de Inversiones S.A. ,s0023,spain,xmad,mutual & other funds
Abri SPAC I Inc. ,aspa,united states,xnas,shell companies
Abri SPAC I Inc. Wt ,aspaw,united states,xnas,None
A-Cap Energy Ltd. ,acb,australia,xasx,non-ferrous metals
Acarix AB ,acarix,sweden,xsto,medical equipment/supplies
ABS Investment Alternatywna Spolka Inwestycyjna S.A. ,ain,poland,xwar,investment advisors
Absa Bank Botswana Ltd. ,barcbt,botswana,xbot,banking
Acartus S.A. ,aca,poland,xwar,diversified business services
Acast AB ,acast,sweden,xsto,broadcasting
Absa Bank Kenya PLC ,absa,kenya,xnai,banking
ABSA Bank Ltd. Pfd. ,absp,south africa,xjse,banking
Acast AB ,0a9z,united kingdom,xlon,broadcasting
Acasti Pharma Inc. ,acst,united states,xnas,pharmaceuticals
Absa Group Ltd. ,agrpy,united states,ootc,banking
Absa Group Ltd. ,abg,south africa,xjse,banking
Acasti Pharma Inc. ,acst,canada,xtsx,pharmaceuticals
Acates Sisapon S.A. ,s2698,spain,xmad,mutual & other funds
Absa Group Ltd. ADR ,au6,germany,xfra,None
ABS-CBN Corp. ,abs,philippines,xphs,broadcasting
AcBel Polytech Inc. ,6282,taiwan,xtai,industrial electronics
ACC Binh Duong Investment & Construction JSC ,acc,vietnam,xstc,building materials/products
Absci Corp. ,absi,united states,xnas,pharmaceuticals
Absecon Bancorp ,ascn,united states,ootc,banking
ACC Ltd. ,500410,india,xbom,building materials/products
Accel Entertainment Inc. ,acel,united states,xnys,gambling industries
Absolent Group AB ,abso,sweden,xsto,building materials/products
Absolicon Solar Collector AB ,absl,sweden,xsat,industrial electronics
Accel Group Holdings Ltd. ,1283,hong kong,xhkg,technical services
Accel Ltd. ,517494,india,xbom,precision products
Absolute Clean Energy PCL ,ace,thailand,xbkk,renewable energy generation
Absolute Equity Performance Fund Ltd. ,aeg,australia,xasx,closed-end funds
Accel Solutions Group Ltd. ,accl,israel,xtae,computer services
Acceler8 Ventures PLC ,ac8,united kingdom,xlon,mutual & other funds
Absolute Health & Fitness Inc. ,ahfi,united states,ootc,recreational services
Accelera Innovations Inc. ,acnv,united states,ootc,healthcare provision
Accelerate Acquisition Corp. ,aaqc.ut,united states,xnys,shell companies
Absolute Software Corp. ,abst,united states,xnas,software
Absolute Software Corp. ,abst,canada,xtse,software
Accelerate Acquisition Corp. Cl A ,aaqc,united states,xnys,shell companies
Accelerate Acquisition Corp. Wt ,aaqc.wt,united states,xnys,None
Abu Dhabi Aviation Co. ,adaviation,united arab emirates,xads,passenger airlines
Accelerate Diagnostics Inc. ,axdx,united states,xnas,medical equipment/supplies
Abu Dhabi Commercial Bank PJSC ,adcb,united arab emirates,xads,banking
Accelerate Property Fund Ltd. ,apf,south africa,xjse,retail reits
Accelerate Resources Ltd. ,ax8,australia,xasx,general mining
Abu Dhabi Islamic Bank PJSC ,adib,united arab emirates,xads,banking
Abu Dhabi Islamic Bank-Egypt ,adib,egypt,nilx,banking
Accelerated Technologies Holding Corp. ,athc,united states,ootc,computer services
Acceleware Ltd. ,acwrf,united states,ootc,computers/consumer electronics
Abu Dhabi National Co. for Building Materials PJSC ,bildco,united arab emirates,xads,building materials/products
Abu Dhabi National Energy Co. PJSC ,taqa,united arab emirates,xads,multiutilities
Acceleware Ltd. ,axe,canada,xtsx,computers/consumer electronics
Accelink Technologies Co. Ltd. A ,002281,china,xshe,semiconductors
Abu Dhabi National Hotels Co. PJSC ,adnh,united arab emirates,xads,hotels
Accell Group N.V. ,accel,netherlands,xams,sports goods
Accell Group N.V. ,0p4c,united kingdom,xlon,sports goods
Abu Dhabi National Insurance Co. P.S.C. ,adnic,united arab emirates,xads,non-life insurance
Abu Dhabi National Oil Co. for Distribution PJSC ,adnocdist,united arab emirates,xads,specialty retail
Accelya Solutions India Ltd. ,532268,india,xbom,software
Accent Group Ltd. ,ax1,australia,xasx,clothing retail
Abu Dhabi National Takaful Co. P.S.C. ,tkfl,united arab emirates,xads,non-life insurance
Abu Dhabi Ports Co. PJSC ,adports,united arab emirates,xads,water transport/shipping
Accentis N.V. ,accb,belgium,xbru,real estate developers
Accentis N.V. ,0nv3,united kingdom,xlon,real estate developers
Abu Dhabi Ship Building PJSC ,adsb,united arab emirates,xads,water transport/shipping
Abu Qir Fertilizers & Chemical Industries Co. ,abuk,egypt,nilx,chemicals
Accentro Real Estate AG ,a4y,united states,xetr,real estate developers
Accenture PLC ,acnn,mexico,xmex,diversified business services
Abundance International Ltd. ,541,singapore,xses,chemicals
Abuvilla Inversiones S.A. ,s0019,spain,xmad,mutual & other funds
Accenture PLC ,csa,germany,xfra,diversified business services
Accenture PLC Cl A ,acn,united states,xnys,diversified business services
ABVC BioPharma Inc. ,abvc,united states,xnas,biotechnology
ABx Group Ltd. ,abx,australia,xasx,aluminum
Accenture PLC Cl A ,0y0y,united kingdom,xlon,diversified business services
Access Bank (Ghana) PLC ,access,ghana,xgha,banking
AC Energy Corp. ,acen,philippines,xphs,electric utilities
AC Immune S.A. ,aciu,united states,xnas,biotechnology
Access Co. Ltd. ,4813,japan,xtks,software
Access Engineering PLC ,ael.n0000,sri lanka,xcol,construction
AC S.A. ,acg,poland,xwar,motor vehicle parts
Acacia Diversified Holdings Inc. ,acca,united states,ootc,pharmaceuticals
Access Holdings PLC ,accesscorp,nigeria,xnsa,banking
Access Intelligence PLC ,acc,united kingdom,xlon,computer services
Acacia Pharma Group PLC ,0pnt,united kingdom,xlon,pharmaceuticals
Accesso Technology Group PLC ,acso,united kingdom,xlon,software
Access-Power & Co. Inc. ,accr,united states,ootc,wired telecommunications services
Acacia Pharma Group PLC ,acph,belgium,xbru,pharmaceuticals
Acacia Pharma Group PLC ,acpgf,united states,ootc,pharmaceuticals
Acciona S.A. ,0h4k,united kingdom,xlon,construction
Acciona S.A. ,ana,spain,xmad,construction
Acacia Research Corp. - Acacia Technologies ,actg,united states,xnas,general services
Acciona S.A. ,acxif,united states,ootc,construction
ACCO Brands Corp. ,acco,united states,xnys,nondurable household products
Accolade Inc. ,accd,united states,xnas,internet/online
Acconeer AB ,accon,sweden,xsto,precision products
Accor Acquisition Co. ,aac,france,xpar,shell companies
Accor S.A. ,ac,france,xpar,hotels
Accor S.A. ,accn,mexico,xmex,hotels
Accor S.A. ,ac,austria,xwbo,hotels
Accor S.A. ,acrff,united states,ootc,hotels
Accor S.A. ,0h59,united kingdom,xlon,hotels
Accor S.A. ADR ,accyy,united states,ootc,hotels
Accord Financial Corp. ,accff,united states,ootc,finance companies
Accord Financial Corp. ,acd,canada,xtse,finance companies
Accordant Group Ltd. ,agl,new zealand,xnze,employment/training services
Accrelist Ltd. ,qzg,singapore,xses,wholesalers
Accrete Inc. ,4395,japan,xtks,internet/online
Accretion Acquisition Corp. ,ener,united states,xnas,shell companies
Accretion Acquisition Corp. ,eneru,united states,xnas,shell companies
Accretion Acquisition Corp. Rt ,enerr,united states,xnas,shell companies
Accretion Acquisition Corp. Wt ,enerw,united states,xnas,None
Accrol Group Holdings PLC ,acrl,united kingdom,xlon,nondurable household products
Accsys Technologies PLC ,axs,netherlands,xams,building materials/products
Accsys Technologies PLC ,axs,united kingdom,xlon,building materials/products
Accton Technology Corp. ,2345,taiwan,xtai,networking
Accuray Inc. ,aray,united states,xnas,medical equipment/supplies
Accustem Sciences Inc. ,acut,united states,ootc,medical equipment/supplies
ACE Aviation Holdings Inc. ,ace.h,canada,xtsx,passenger airlines
Ace Bed Co. Ltd. ,003800,south korea,xkrx,furniture
ACE Convergence Acquisition Corp. Cl A ,acev,united states,xnas,shell companies
ACE Convergence Acquisition Corp. Un ,acevu,united states,xnas,shell companies
ACE Convergence Acquisition Corp. Wt ,acevw,united states,xnas,None
Ace Edutrend Ltd. ,530093,india,xbom,employment/training services
ACE Enexor Inc. ,acex,philippines,xphs,oil extraction
Ace Global Business Acquisition Ltd. ,acba,united states,xnas,shell companies
Ace Global Business Acquisition Ltd. Wt ,acbaw,united states,xnas,None
Ace Global S.A. ,s0025,spain,xmad,mutual & other funds
Ace Hardware Indonesia ,aces,indonesia,xidx,home goods retail
ACE Integrated Solutions Ltd. ,aceinteg,india,xnse,employment/training services
Ace Liberty & Stone PLC ,alsp,united kingdom,xplu,real estate developers
Ace Men Engg Works Ltd. ,539661,india,xbom,wholesalers
Ace Oldfields ,kuas,indonesia,xidx,housewares
Ace Pillar Co. Ltd. ,8374,taiwan,xtai,precision products
ACE Software Exports Ltd. ,531525,india,xbom,software
Ace Technologies Corp. ,088800,south korea,xkrx,networking
Acea S.p.A. ,0mhd,united kingdom,xlon,water utilities
Acea S.p.A. ,acejf,united states,ootc,electric utilities
Acea S.p.A. ,ace,italy,xmil,water utilities
Acelon Chemicals & Fiber Corp. ,1466,taiwan,xtai,clothing
AcelRx Pharmaceuticals Inc. ,acrx,united states,xnas,pharmaceuticals
Acer Cyber Security Inc. ,6690,taiwan,roco,software
Acer e-Enabling Service Business Inc. ,6811,taiwan,roco,computer services
Acer Inc. ,2353,taiwan,xtai,computers/consumer electronics
Acer Inc. GDR ,acid,united kingdom,xlon,computers/consumer electronics
Acer Inc. GDR ,ac5g,germany,xfra,computers/consumer electronics
Acer Medical Inc. ,6857,taiwan,roco,emerging technologies
Acer Therapeutics Inc. ,acer,united states,xnas,biotechnology
Acerias Paz del Rio S.A. ,pazrio,colombia,xbog,iron/steel
Acerinox S.A. ,acx,spain,xmad,iron/steel
Acerinox S.A. ,ace1,germany,xfra,iron/steel
Acerinox S.A. ,0oiq,united kingdom,xlon,iron/steel
Acerinox S.A. ADR ,anioy,united states,ootc,iron/steel
Acerus Pharmaceuticals Corp. ,asp,canada,xtse,biotechnology
Acerus Pharmaceuticals Corp. ,aspcd,united states,ootc,biotechnology
Aces Electronics Co. Ltd. ,3605,taiwan,xtai,industrial electronics
Acesian Partners Ltd. ,5fw,singapore,xses,technical services
Acesite (Philippines) Hotel Corp. ,ace,philippines,xphs,hotels
Aceso Life Science Group Ltd. ,474,hong kong,xhkg,biotechnology
Acewin Agriteck Ltd. ,539570,india,xbom,computer services
Achari Ventures Holdings Corp. I ,avhiu,united states,xnas,shell companies
Achari Ventures Holdings Corp. I Wt ,avhiw,united states,xnas,None
Acheter-Louer.fr S.A. ,alalo,france,xpar,advertising/marketing/public relations
Achieve Life Sciences Inc. ,achv,united states,xnas,pharmaceuticals
Achiko AG ,achi,switzerland,xswx,computer services
Achilles Corp. ,5142,japan,xtks,chemicals
Achilles Therapeutics PLC ADR ,achl,united states,xnas,pharmaceuticals
Achison Inc. ,achn,united states,ootc,precious metals
Achyut Healthcare Ltd. ,543499,india,xbom,drug retail
ACI Formulations Ltd. ,aciformula,bangladesh,xdha,chemicals
ACI Infocom Ltd. ,517356,india,xbom,real estate developers
ACI Ltd. ,aci,bangladesh,xdha,chemicals
ACI Worldwide Inc. ,aciw,united states,xnas,software
ACICO Industries Co. K.S.C. ,acico,kuwait,xkuw,building materials/products
Acifiel S.A. ,s3404,spain,xmad,mutual & other funds
Aciselsan Acipayam Seluloz Sanayi ve Ticaret A.S. ,acsel.e,turkey,xist,chemicals
Ackermans & Van Haaren N.V. ,0gym,united kingdom,xlon,diversified holding companies
Ackermans & Van Haaren N.V. ,ackb,austria,xwbo,diversified holding companies
Ackermans & Van Haaren N.V. ,ackb,belgium,xbru,diversified holding companies
Ackerstein Group Ltd. ,ackr,israel,xtae,building materials/products
Acknit Industries Ltd. ,530043,india,xbom,clothing
Ackrell SPAC Partners I Co. Sub. Un ,ackit,united states,xnas,shell companies
A Cuong Mineral Group JSC ,acm,vietnam,hstc,general mining
A Infrastructure Ltd. ,539620,india,xbom,building materials/products
A Self-Administered Real Estate Investment Trust ,140910,south korea,xkrx,residential reits
A SPAC I Acquisition Corp. ,ascau,united states,xnas,shell companies
A SPAC I Acquisition Corp. Rt ,ascar,united states,xnas,shell companies
A SPAC I Acquisition Corp. Wt ,ascaw,united states,xnas,None
A SPAC II Acquisition Corp. ,ascbu,united states,xnas,shell companies
A&A Material Corp. ,5391,japan,xtks,building materials/products
A&D HOLON Holdings Co. Ltd. ,7745,japan,xtks,precision products
A&M Febcon Ltd. ,540697,india,xbom,industrial products
A&M Jumbo Bags Ltd. ,amjumbo,india,xnse,containers/packaging
A&S Group (Holdings) Ltd. ,1737,hong kong,xhkg,transportation services
A. Brown Co. Inc. ,brn,philippines,xphs,real estate developers
A. Brown Co. Inc. Pfd. ,brnp,philippines,xphs,real estate developers
A. Libental Holdings Ltd. ,lbtl,israel,xtae,real estate developers
A. Luzon Real Estate & Finance Ltd. ,lznr,israel,xtae,hotels
A. Soriano Corp. ,ans,philippines,xphs,industrial electronics
A. Tsokkos Hotels Public Ltd. ,tsh,cyprus,xcys,hotels
A.D. Works Group Co. Ltd. ,2982,japan,xtks,real estate developers
A.F. Enterprises Ltd. ,538351,india,xbom,wholesalers
A.F.P. Cuprum S.A. ,cuprum,chile,xsgo,investment advisors
A.F.P. Habitat S.A. ,habitat,chile,xsgo,investment advisors
A.F.P. Planvital S.A. ,planvital,chile,xsgo,investment advisors
A.F.P. ProVida S.A. ,provida,chile,xsgo,investment advisors
A.G. Barr PLC ,bag,united kingdom,xlon,non-alcoholic beverages/drinks
A.G.F. Management Ltd. Cl B NV ,agf.b,canada,xtse,investment advisors
A.G.F. Management Ltd. Cl B NV ,agfmf,united states,ootc,investment advisors
A.G.V. Products Corp. ,1217,taiwan,xtai,food products
A.I.S. Resources Ltd. ,ais,canada,xtsx,general mining
A.I.S. Resources Ltd. ,aissf,united states,ootc,general mining
A.J. Plast PCL ,aj,thailand,xbkk,chemicals
A.K. Capital Services Ltd. ,530499,india,xbom,investment advisors
A.K. Spintex Ltd. ,539300,india,xbom,clothing
a.k.a. Brands Holding Corp. ,aka,united states,xnys,clothing retail
A.O. Smith Corp. ,0l7a,united kingdom,xlon,building materials/products
A.O. Smith Corp. ,aos,united states,xnys,building materials/products
A.P. Moeller-Maersk A/S ADR ,amkby,united states,ootc,water transport/shipping
A.P. Moeller-Maersk A/S Series A ,amkaf,united states,ootc,water transport/shipping
A.P. Moeller-Maersk A/S Series A ,maersk.a,denmark,xcse,water transport/shipping
A.P. Moeller-Maersk A/S Series A ,0o76,united kingdom,xlon,water transport/shipping
A.P. Moeller-Maersk A/S Series B ,maersk.b,denmark,xcse,water transport/shipping
A.P. Moeller-Maersk A/S Series B ,amkbf,united states,ootc,water transport/shipping
A.P. Moeller-Maersk A/S Series B ,dp4b,united states,xetr,water transport/shipping
A.P. Moller-Maersk A/S Series B ,0o77,united kingdom,xlon,water transport/shipping
A.P.N. Promise S.A. ,pro,poland,xwar,computer services
A.Plus Group Holdings Ltd. ,1841,hong kong,xhkg,printing
A.S. Co. S.A. ,asco,greece,xath,specialty retail
A.S. Creation Tapeten AG ,acwn,united states,xetr,furniture
A.S. Roma S.p.A. ,asr,italy,xmil,recreational services
A.S.T. Groupe S.A. ,alast,france,xpar,residential building construction
A-1 Acid Ltd. ,542012,india,xbom,wholesalers
A-1 Group Inc. ,awon,united states,ootc,tobacco
A1 Investments & Resources Ltd. ,ayi,australia,xasx,finance companies
A10 Networks Inc. ,aten,united states,xnys,networking
a2 Milk Co. Ltd. ,atm,new zealand,xnze,food products
a2 Milk Co. Ltd. ,a2m,australia,xasx,food products
a2 Milk Co. Ltd. ,acopf,united states,ootc,food products
a2 Milk Co. Ltd. ADR ,acopy,united states,ootc,food products
A2A S.p.A. ,0n54,united kingdom,xlon,electric utilities
A2A S.p.A. ,a2a,italy,xmil,electric utilities
A2A S.p.A. ADR ,aemmy,united states,ootc,electric utilities
A2B Australia Ltd. ,a2b,australia,xasx,consumer finance
A2Z Infra Engineering Ltd. ,533292,india,xbom,technical services
A2Z Smart Technologies Corp. ,az,canada,xtsx,defense equipment/products
A2Z Smart Technologies Corp. ,az,united states,xnas,defense equipment/products
A8 New Media Group Ltd. ,800,hong kong,xhkg,toys & games
AA Industrial Belting (Shanghai) Co. Ltd. A ,603580,china,xshg,industrial products
AA Plus Tradelink Ltd. ,543319,india,xbom,wholesalers
AAC Clyde Space AB ,aac,sweden,xsto,aerospace products/parts
AAC Clyde Space AB ,accmf,united states,ootc,aerospace products/parts
AAC Technologies Holdings Inc. ,a2xn,germany,xfra,industrial electronics
AAC Technologies Holdings Inc. ,2018,hong kong,xhkg,industrial electronics
AAC Technologies Holdings Inc. ,aacaf,united states,ootc,industrial electronics
AAC Technologies Holdings Inc. ADR ,aacay,united states,ootc,industrial electronics
Aadi Bioscience Inc. ,aadi,united states,xnas,biotechnology
Aadi Industries Ltd. ,530027,india,xbom,containers/packaging
Aaeon Technology Inc. ,6579,taiwan,xtai,computers/consumer electronics
AAG Energy Holdings Ltd. ,2686,hong kong,xhkg,coal
Aages S.A. ,aag,romania,xbse,industrial machinery
AAK AB ,aak,sweden,xsto,food products
AAK AB ,0a0j,united kingdom,xlon,food products
Aalberts N.V. ,aalb,netherlands,xams,industrial products
Aalberts N.V. ,0nx1,united kingdom,xlon,industrial products
Aalborg Boldspilklub A/S ,aab,denmark,xcse,recreational services
Aallon Group Oyj ,aallon,finland,xhel,accounting
Aamal Co. Q.P.S.C. ,ahcs,qatar,dsmd,diversified holding companies
Aamaxan Transport Group Inc. ,aaxt,united states,ootc,medical equipment/supplies
Aamra Networks Ltd. ,aamranet,bangladesh,xdha,wired telecommunications services
Aamra Technologies Ltd. ,aamratech,bangladesh,xdha,computer services
Aananda Lakshmi Spinning Mills Ltd. ,539096,india,xbom,clothing
Aanchal Ispat Ltd. ,538812,india,xbom,iron/steel
AAON Inc. ,aaon,united states,xnas,building materials/products
aap Implantate AG ,aaq1,united states,xetr,medical equipment/supplies
AAP Inc. ,aapj,united states,ootc,food products
AAPICO Hitech PCL ,ah,thailand,xbkk,motor vehicle parts
AAR Corp. ,air,united states,xnys,aerospace products/parts
Aareal Bank AG ,0mg0,united kingdom,xlon,mortgages
Aareal Bank AG ,arl,united states,xetr,mortgages
Aarey Drugs & Pharmaceuticals Ltd. ,524412,india,xbom,pharmaceuticals
Aarnav Fashions Ltd. ,539562,india,xbom,clothing
Aaron Industries Ltd. 144A ,aaron,india,xnse,industrial machinery
Aaron's Co. Inc. ,aan,united states,xnys,general services
Aartech Solonics Ltd. ,542580,india,xbom,industrial electronics
Aarti Drugs Ltd. ,524348,india,xbom,pharmaceuticals
Aarti Industries Ltd. ,524208,india,xbom,None
Aarti Surfactants Ltd. ,543210,india,xbom,chemicals
Aarvee Denims & Exports Ltd. ,514274,india,xbom,clothing
Aarvi Encon Ltd. ,aarvi,india,xnse,employment/training services
Aasen Sparebank ,aasb,norway,xosl,banking
Aashka Hospitals Ltd. ,543346,india,xbom,healthcare provision
Aastamangalam Finance Ltd. ,511764,india,xbom,finance companies
Aavas Financiers Ltd. ,541988,india,xbom,None
Aayan Leasing & Investment Co. K.S.C. ,aayan,kuwait,xkuw,finance companies
A'ayan Real Estate Co. S.A.K. ,aayanre,kuwait,xkuw,real estate developers
Aayush Food & Herbs Ltd. ,539528,india,xbom,food retail
AB Bank Ltd. ,abbank,bangladesh,xdha,banking
AB Builders Group Ltd. ,1615,hong kong,xhkg,construction
AB Dynamics PLC ,abdp,united kingdom,xlon,precision products
AB International Group Corp. ,abqq,united states,ootc,specialty retail
AB S.A. ,abe,poland,xwar,wholesalers
AB Science S.A. ,ab,france,xpar,pharmaceuticals
AB Science S.A. ,0q77,united kingdom,xlon,pharmaceuticals
AB&Company Co. Ltd. ,9251,japan,xtks,consumer services
AB&T Financial Corp. ,abto,united states,ootc,banking
ABA Chemicals Corp. ,300261,china,xshe,chemicals
AbaCore Capital Holdings Inc. ,aba,philippines,xphs,diversified holding companies
Abacus Mining & Exploration Corp. ,ame,canada,xtsx,non-ferrous metals
Abacus Mining & Exploration Corp. ,abcff,united states,ootc,non-ferrous metals
Abacus Property Group ,abp,australia,xasx,industrial/office reits
ABAK S.A. ,abk,poland,xwar,accounting
Abalance Corp. ,3856,japan,xtks,diversified holding companies
Aban Offshore Ltd. ,523204,india,xbom,oil & gas products/services
Abans Electricals PLC ,aban.n0000,sri lanka,xcol,housewares
ABans Enterprises Ltd. ,512165,india,xbom,wholesalers
Abans Finance PLC ,afsl.n0000,sri lanka,xcol,finance companies
Abate AS Industries Ltd. ,531658,india,xbom,diversified business services
Abattis Bioceuticals Corp. ,attbf,united states,ootc,biotechnology
Abaxx Technologies Inc. ,abxxf,united states,ootc,computer services
ABB India Ltd. ,500002,india,xbom,None
ABB Ltd. ,abbn,switzerland,xswx,precision products
ABB Ltd. ,0nx2,united kingdom,xlon,precision products
ABB Ltd. ,abb,sweden,xsto,precision products
ABB Ltd. ,ablzf,united states,ootc,precision products
ABB Ltd. ADR ,abb,united states,xnys,precision products
ABB Ltd. ADR ,abja,germany,xfra,precision products
Abbey Mortgage Bank PLC ,abbeybds,nigeria,xnsa,banking
Abbisko Cayman Ltd. ,2256,hong kong,xhkg,biotechnology
Abbott India Ltd. ,500488,india,xbom,pharmaceuticals
Abbott Laboratories ,abt,united states,xnys,pharmaceuticals
Abbott Laboratories ,abl,united states,xetr,pharmaceuticals
Aware Inc. ,awre,united states,xnas,precision products
AWC Bhd ,7579,malaysia,xkls,diversified business services
Awea Mechantronic Co. Ltd. ,1530,taiwan,xtai,industrial machinery
Awilco Drilling PLC ,awlcf,united states,ootc,oil & gas products/services
Awilco Drilling PLC ,awdr,norway,xosl,oil & gas products/services
Awilco Drilling PLC ,0q2k,united kingdom,xlon,oil & gas products/services
Awilco LNG ASA ,alng,norway,xosl,water transport/shipping
Awilco LNG ASA ,0q4g,united kingdom,xlon,water transport/shipping
AXA Cooperative Insurance Co. ,8250,saudi arabia,xsau,non-life insurance
AXA Mansard Insurance PLC ,mansard,nigeria,xnsa,full-line insurance
AXA S.A. ,cs,france,xpar,full-line insurance
AXA S.A. ,axa,united states,xetr,full-line insurance
AXA S.A. ,axahf,united states,ootc,full-line insurance
AXA S.A. ,axa,italy,xmil,full-line insurance
AXA S.A. ,0har,united kingdom,xlon,full-line insurance
AXA S.A. ,cs,switzerland,xswx,full-line insurance
AXA S.A. ADR ,axaa,germany,xfra,full-line insurance
AXA S.A. ADR ,axahy,united states,ootc,full-line insurance
Axactor SE ,0qig,united kingdom,xlon,diversified business services
Axactor SE ,acr,norway,xosl,diversified business services
Axalta Coating Systems Ltd. ,axta,united states,xnys,building materials/products
Axcap Ventures Inc. ,axcp,canada,xcnq,finance companies
Axcap Ventures Inc. ,garlf,united states,ootc,finance companies
Axcelis Technologies Inc. ,acls,united states,xnas,semiconductors
Axcella Health Inc. ,axla,united states,xnas,biotechnology
Axcen Photonics Corp. ,6530,taiwan,roco,networking
Axel Mark Inc. ,3624,japan,xtks,toys & games
Axel Polymers Ltd. ,513642,india,xbom,chemicals
Axell Corp. ,6730,japan,xtks,semiconductors
Axelum Resources Corp. ,axlm,philippines,xphs,food products
Axfood AB ,axfo,sweden,xsto,food retail
Axfood AB ,0r6r,united kingdom,xlon,food retail
Axfood AB Rt ,axfrf,united states,ootc,food retail
Axia Corp. Ltd. ,axia,zimbabwe,xzim,home goods retail
Axial Retailing Inc. ,8255,japan,xtks,food retail
Axiata Group Bhd ,6888,malaysia,xkls,wireless telecommunications services
aXichem AB Series A ,axic.a,sweden,xsto,chemicals
Axilion Smart Mobility Ltd. ,ailn,israel,xtae,wired telecommunications services
Axim Biotechnologies Inc. ,axim,united states,ootc,biotechnology
Axiom Properties Ltd. ,axi,australia,xasx,real estate developers
AXIOMTEK Co. Ltd. ,3088,taiwan,roco,computers/consumer electronics
AXIOS Sustainable Growth Acquisition Corp. Cl A ,axac,united states,xnys,shell companies
AXIOS Sustainable Growth Acquisition Corp. Rt ,axac.rt,united states,xnys,shell companies
AXIOS Sustainable Growth Acquisition Corp. Wt ,axac.wt,united states,xnys,None
Axis Auto Finance Inc. ,axis,canada,xtse,consumer finance
Axis Bank Ltd. ,532215,india,xbom,banking
Axis Bank Ltd. GDR ,axb,united kingdom,xlon,banking
Axis Bank Ltd. GDR ,uzc,germany,xfra,banking
Axis Bank Ltd. GDR ,axbn,mexico,xmex,banking
AXIS Capital Holdings Ltd. ,axs,united states,xnys,non-life insurance
AXIS Capital Holdings Ltd. Dep. Pfd. (Rep. 1/100th Share Pfd. Series E) ,axs.pre,united states,xnys,non-life insurance
Axis Co. Ltd. ,4012,japan,xtks,computer services
Axis Corp. ,6292,taiwan,roco,industrial electronics
Axis Energy Corp. ,axgc,united states,ootc,shell companies
Axis Real Estate Investment Trust ,5106,malaysia,xkls,industrial/office reits
Axis Technologies Group Inc. ,axtg,united states,ootc,industrial electronics
AXISCADES Technologies Ltd. ,532395,india,xbom,None
Axita Cotton Ltd. ,542285,india,xbom,clothing
AxKid AB ,axkid,sweden,xsat,housewares
Axman Enterprise Co. Ltd. ,6804,taiwan,roco,sports goods
AXMIN Inc. ,axm,canada,xtsx,gold
Axogen Inc. ,axgn,united states,xnas,medical equipment/supplies
Axogen Inc. ,0hkd,united kingdom,xlon,medical equipment/supplies
Axolot Solutions Holding AB ,axolot,sweden,xsto,industrial machinery
Axon Enterprise Inc. ,0hke,united kingdom,xlon,defense equipment/products
Axon Enterprise Inc. ,axon,united states,xnas,defense equipment/products
Axonics Inc. ,axnx,united states,xnas,medical equipment/supplies
AxonPrime Infrastructure Acquisition Corp. ,apmiu,united states,xnas,shell companies
AxonPrime Infrastructure Acquisition Corp. Cl A ,apmi,united states,xnas,shell companies
AxonPrime Infrastructure Acquisition Corp. Wt ,apmiw,united states,xnas,None
Axos Financial Inc. ,ax,united states,xnys,banking
AXP Energy Ltd. ,axp,australia,xasx,oil extraction
AXP Energy Ltd. ,aunxf,united states,ootc,oil extraction
Axsome Therapeutics Inc. ,axsm,united states,xnas,biotechnology
AXT Inc. ,axti,united states,xnas,semiconductors
Axtel Industries Ltd. ,523850,india,xbom,technical services
Axtel S.A.B. de C.V. Series CPO ,axtelcpo,mexico,xmex,wireless telecommunications services
Axteria Group Bhd ,7120,malaysia,xkls,audio/video equipment
Axway Software S.A. ,axw,france,xpar,software
Axway Software S.A. ,0p5l,united kingdom,xlon,software
Axxzia Inc. ,4936,japan,xtks,personal care products/appliances
Aya Gold & Silver Inc. ,ayasf,united states,ootc,general mining
Aya Gold & Silver Inc. ,aya,canada,xtse,general mining
Ayala Corp. ,ac,philippines,xphs,diversified holding companies
Ayala Corp. ADR ,ayaly,united states,ootc,diversified holding companies
Ayala Corp. Pfd. ,acpb1,philippines,xphs,diversified holding companies
Ayala Land Inc. ,ali,philippines,xphs,real estate developers
Ayala Land Inc. ,ayaaf,united states,ootc,real estate developers
Ayala Pharmaceuticals Inc. ,ayla,united states,xnas,pharmaceuticals
AyalaLand Logistics Holdings Corp. ,allhc,philippines,xphs,real estate developers
Ayalon Holdings Ltd. ,ayal,israel,xtae,non-life insurance
Aydem Yenilenebilir Enerji A.S. ,aydem.e,turkey,xist,renewable energy generation
Ayen Enerji A.S. ,ayen.e,turkey,xist,renewable energy generation
AYER Holdings Bhd ,2305,malaysia,xkls,real estate developers
Ayes Celik Hasir ve Cit Sanayi A.S. ,ayes.e,turkey,xist,building materials/products
Ayfie Group A/S ,ayfie,norway,xosl,software
Aygaz A.S. ,aygaz.e,turkey,xist,gas utilities
Ayima Group AB Series B ,ayima.b,sweden,xsto,advertising/marketing/public relations
AYM Syntex Ltd. ,508933,india,xbom,clothing
Ayo Technology Solutions Ltd. ,ayo,south africa,xjse,computer services
Ayr Wellness Inc. ,ayrwf,united states,ootc,farming
Ayr Wellness Inc. ,ayr.a,canada,xcnq,farming
AYRO Inc. ,ayro,united states,xnas,automobiles
AYS Ventures Bhd ,5021,malaysia,xkls,building materials/products
Aytu BioPharma Inc. ,aytu,united states,xnas,pharmaceuticals
Ayujoy Herbals Ltd. ,ajoy,united states,ootc,healthcare provision
Ayurcann Holdings Corp. ,ayurf,united states,ootc,coal
Ayurcann Holdings Corp. ,ayur,canada,xcnq,coal
AYYAN Investment Co. ,2140,saudi arabia,xsau,finance companies
Azagra Inversiones S.A. ,s3111,spain,xmad,mutual & other funds
Azarga Metals Corp. ,euunf,united states,ootc,non-ferrous metals
Azarga Metals Corp. ,azr,canada,xtsx,non-ferrous metals
Azbil Corp. ,6845,japan,xtks,precision products
Azearth Corp. ,3161,japan,xtks,clothing
AZEK Co. Inc. ,azek,united states,xnys,building materials/products
AZEK Co. Inc. ,4n1,germany,xber,None
Azelio AB ,azelio,sweden,xsto,industrial electronics
Azelis Group N.V. ,aze,belgium,xbru,chemicals
Azelis Group N.V. ,azlgf,united states,ootc,chemicals
Azelis Group N.V. ,0aa6,united kingdom,xlon,chemicals
A-Zenith Home Furnishings Co. Ltd. A ,603389,china,xshg,furniture
Azenta Inc. ,azta,united states,xnas,semiconductors
Azenta Inc. ,0hq1,united kingdom,xlon,semiconductors
Azerion Group N.V. ,azrn,netherlands,xams,internet/online
Azeus Systems Holdings Ltd. ,bbw,singapore,xses,computer services
Azevedo e Travassos S/A Ord ,azev3,brazil,bvmf,oil & gas products/services
Azgard Nine Ltd. ,anl,pakistan,xkar,clothing
Azienda Bresciana Petroli Nocivelli S.p.A. ,abp,italy,xmil,wholesalers
Azimut Exploration Inc. ,azm,canada,xtsx,general mining
Azimut Exploration Inc. ,azmtf,united states,ootc,general mining
Azimut Holding S.p.A. ,azm,italy,xmil,investment advisors
Azimut Holding S.p.A. ,azihf,united states,ootc,investment advisors
Azimut Holding S.p.A. ,0mhj,united kingdom,xlon,investment advisors
Azincourt Energy Corp. ,aaz,canada,xtsx,non-ferrous metals
Azincourt Energy Corp. ,azurf,united states,ootc,non-ferrous metals
Azion Corp. ,6148,taiwan,roco,computers/consumer electronics
Aziyo Biologics Inc. ,azyo,united states,xnas,medical equipment/supplies
Aziz Pipes Ltd. ,azizpipes,bangladesh,xdha,industrial products
Azkaran Inversiones S.A. ,s3230,spain,xmad,mutual & other funds
Azkoyen S.A. ,azk,spain,xmad,industrial machinery
AZN Capital Corp. ,aznvf,united states,ootc,emerging technologies
Azoom Co. Ltd. ,3496,japan,xtks,real estate developers
Azorean-Aquatic Technologies S.A. ,mlaat,france,xpar,precision products
Azorim Investment Development & Construction Co. Ltd. ,azrm,israel,xtae,residential building construction
Azorin Inversiones S.A. ,s0309,spain,xmad,mutual & other funds
Azrieli Group Ltd. ,azrg,israel,xtae,real estate developers
Aztec International S.A. ,azc,poland,xwar,industrial products
Aztec Land & Cattle Co. Ltd. ,azlcz,united states,ootc,real estate developers
Aztec Minerals Corp. ,azztf,united states,ootc,general mining
Aztec Minerals Corp. ,azt,canada,xtsx,general mining
Avant Corp. ,3836,japan,xtks,software
Avante Logixx Inc. ,xx,canada,xtsx,precision products
Avante Logixx Inc. ,alxxf,united states,ootc,precision products
Avantel Ltd. ,532406,india,xbom,networking
Avanti Acquisition Corp. ,avan.ut,united states,xnys,shell companies
Avanti Acquisition Corp. Cl A ,avan,united states,xnys,shell companies
Avanti Acquisition Corp. Wt ,avan.wt,united states,xnys,None
Avanti Energy Inc. ,avn,canada,xtsx,oil extraction
Avanti Energy Inc. ,argyf,united states,ootc,oil extraction
Avanti Feeds Ltd. ,512573,india,xbom,food products
Avantia Co. Ltd. ,8904,japan,xtks,residential building construction
Avantium N.V. ,avtx,netherlands,xams,diversified business services
Avantium N.V. ,0rnp,united kingdom,xlon,diversified business services
Avantium N.V. ,avtxf,united states,ootc,diversified business services
Avantor Inc. ,avtr,united states,xnys,chemicals
Avanza Bank Holding AB ,0nuk,united kingdom,xlon,securities
Avanza Bank Holding AB ,aza,sweden,xsto,securities
Avarga Ltd. ,u09,singapore,xses,paper/pulp
Avarone Metals Inc. ,avrtf,united states,ootc,general mining
Avarone Metals Inc. ,avm.x,canada,xcnq,general mining
Avary Holding (Shenzhen) Co. Ltd. A ,002938,china,xshe,semiconductors
Avast PLC ,avst,united kingdom,xlon,software
Avast PLC ,avst,czech republic,xpra,software
Avatec Co. Ltd. ,149950,south korea,xkrx,precision products
Avation PLC ,avap,united kingdom,xlon,general services
Avax S.A. ,avax,greece,xath,construction
Avax Technologies Inc. ,avxt,united states,ootc,biotechnology
Avaya Holdings Corp. ,avya,united states,xnys,networking
Avaya Holdings Corp. Wt ,avyaw,united states,ootc,None
AVCON Information Technology Co. Ltd. ,300074,china,xshe,computer services
Avcorp Industries Inc. ,avp,canada,xtse,aerospace products/parts
Avcorp Industries Inc. ,avpff,united states,ootc,aerospace products/parts
AVE S.A. ,ave,greece,xath,motion picture/sound recording
AVE Science & Technology Co. Ltd. A ,688067,china,xshg,medical equipment/supplies
Aveanna Healthcare Holdings Inc. ,avah,united states,xnas,healthcare provision
Avecho Biotechnology Ltd. ,ave,australia,xasx,pharmaceuticals
Aveng Ltd. ,aeg,south africa,xjse,construction
Avenir Telecom S.A. ,avt,france,xpar,home goods retail
Avenir Telecom S.A. ,0do7,united kingdom,xlon,home goods retail
Avenira Ltd. ,aev,australia,xasx,general mining
Avensia AB ,aven,sweden,xsto,internet/online
Aventura Equities Inc. ,avne,united states,ootc,closed-end funds
Aventura Group AB Series B ,avent.b,sweden,xsto,diversified business services
Avenue Supermarts Ltd. ,540376,india,xbom,mixed retailing
Avenue Therapeutics Inc. ,atxi,united states,xnas,pharmaceuticals
AVEO Pharmaceuticals Inc. ,aveo,united states,xnas,pharmaceuticals
AvePoint Inc. Cl A ,avpt,united states,xnas,software
AvePoint Inc. Wt ,avptw,united states,xnas,None
AVer Information Inc. ,3669,taiwan,xtai,computers/consumer electronics
Averbuch Formica Center Ltd. ,aver,israel,xtae,building materials/products
AverLogic Technologies Corp. ,6198,taiwan,roco,semiconductors
Avermedia Technologies Inc. ,2417,taiwan,xtai,computers/consumer electronics
Averox Inc. ,avri,united states,ootc,software
Avertronics Inc. ,3597,taiwan,roco,industrial electronics
Avery Dennison Corp. ,avy,united states,xnys,containers/packaging
Avery Dennison Corp. ,0hjr,united kingdom,xlon,containers/packaging
Aveva Group PLC ,avv,united kingdom,xlon,software
Aveva Group PLC ADR ,avvyy,united states,ootc,software
Avex Inc. ,7860,japan,xtks,motion picture/sound recording
Av-Gad Holdings Ltd. ,avgd,israel,xtae,real estate developers
Avgol Industries 1953 Ltd. ,avgl,israel,xtae,clothing
AVI Ltd. ,avi,south africa,xjse,food products
AVI Ltd. ADR ,avsfy,united states,ootc,food products
AVI Polymers Ltd. ,539288,india,xbom,chemicals
AVI Products India Ltd. ,523896,india,xbom,chemicals
Avia Avian ,avia,indonesia,xidx,building materials/products
Aviat Networks Inc. ,avnw,united states,xnas,networking
Aviation Lease & Finance Co. KSC ,alafco,kuwait,xkuw,general services
Aviation Links Ltd. ,avia,israel,xtae,tourism
Avic Aviation High-Technology Co. Ltd. A ,600862,china,xshg,aerospace products/parts
AVIC Electromechanical Systems Co. Ltd. A ,002013,china,xshe,motor vehicle parts
AVIC Heavy Machinery Co. Ltd. ,600765,china,xshg,industrial products
AVIC Industry Finance Holdings Co. Ltd. A ,600705,china,xshg,diversified holding companies
AVIC Jonhon Optronic Technology Co. Ltd. ,002179,china,xshe,industrial electronics
AVIC Joy Holdings (HK) Ltd. ,260,hong kong,xhkg,specialty retail
AVIC Shenyang Aircraft Co. Ltd. A ,600760,china,xshg,aerospace products/parts
AVIC Xi'an Aircraft Industry Group Co. Ltd. A ,000768,china,xshe,aerospace products/parts
Avicanna Inc. ,avcn,canada,xtse,pharmaceuticals
Avicanna Inc. ,avcnf,united states,ootc,pharmaceuticals
AviChina Industry & Technology Co. Ltd. ,2357,hong kong,xhkg,aerospace products/parts
AviChina Industry & Technology Co. Ltd. ,avt,germany,xfra,aerospace products/parts
Avicopter PLC A ,600038,china,xshg,aerospace products/parts
Avid Bioservices Inc. ,cdmo,united states,xnas,biotechnology
Avid Electronics Corp. ,6103,taiwan,roco,semiconductors
Avid Technology Inc. ,avid,united states,xnas,motion picture/sound recording
Avidbank Holdings Inc. ,avbh,united states,ootc,banking
Avidian Gold Corp. ,avg,canada,xtsx,shell companies
Avidian Gold Corp. ,avgdf,united states,ootc,shell companies
Avidity Biosciences Inc. ,rna,united states,xnas,biotechnology
Avidly Oyj ,avidly,finland,xhel,advertising/marketing/public relations
AvidXchange Holdings Inc. ,avdx,united states,xnas,software
Avient Corp. ,avnt,united states,xnys,chemicals
Avillion Bhd ,8885,malaysia,xkls,hotels
Avinger Inc. ,avgr,united states,xnas,medical equipment/supplies
Avingtrans PLC ,avg,united kingdom,xlon,industrial machinery
Avino Silver & Gold Mines Ltd. ,asm,united states,xase,precious metals
Avino Silver & Gold Mines Ltd. ,asm,canada,xtse,precious metals
Avio S.p.A. ,0r9s,united kingdom,xlon,aerospace products/parts
Avio S.p.A. ,avio,italy,xmil,aerospace products/parts
Avira Resources Ltd. ,avw,australia,xasx,general mining
Avis Budget Group Inc. ,cuca,germany,xfra,general services
Avis Budget Group Inc. ,car,united states,xnas,general services
Avis Budget Group Inc. ,0hk4,united kingdom,xlon,general services
Avision Inc. ,2380,taiwan,xtai,computers/consumer electronics
Avista Corp. ,ava,united states,xnys,multiutilities
Avista Public Acquisition Corp. II ,ahpau,united states,xnas,shell companies
Avista Public Acquisition Corp. II Cl A ,ahpa,united states,xnas,shell companies
Avista Public Acquisition Corp. II Wt ,ahpaw,united states,xnas,None
Avistar Communications Corp. ,avsr,united states,ootc,wired telecommunications services
AVIT Ltd. ,300264,china,xshe,networking
Avita Corp. ,4735,taiwan,roco,medical equipment/supplies
Avita Medical Inc. ,rcel,united states,xnas,pharmaceuticals
Avitar Inc. ,avti,united states,ootc,medical equipment/supplies
Avi-Tech Holdings Ltd. ,1r6,singapore,xses,semiconductors
Aviv Arlon Ltd. ,avln,israel,xtae,real estate developers
Aviva Industries Ltd. ,512109,india,xbom,clothing
Aviva PLC ,aivad,united states,ootc,full-line insurance
Aviva PLC ,av,united kingdom,xlon,full-line insurance
Aviva PLC 8.375% Cum. Pfd. ,av.b,united kingdom,xlon,full-line insurance
Aviva PLC 8.75% Cum. Pfd. ,av.a,united kingdom,xlon,full-line insurance
Aviva PLC ADR ,avviy,united states,ootc,full-line insurance
Avivagen Inc. ,vivxf,united states,ootc,biotechnology
Avivagen Inc. ,viv,canada,xtsx,biotechnology
AVJennings Ltd. ,avj,australia,xasx,residential building construction
Avnet Inc. ,avt,united states,xnas,industrial electronics
Avoca LLC ,avoa,united states,ootc,oil extraction
AVOD Kurutulmus Gida ve Tarim Urunleri Sanayi Ticaret A.S. ,avod.e,turkey,xist,food products
Avon Protection PLC ,avon,united kingdom,xlon,clothing
Avondale S.A. ,s0305,spain,xmad,mutual & other funds
Avonmore Capital & Management Services Ltd. ,511589,india,xbom,finance companies
AVRA Medical Robotics Inc. ,avmr,united states,ootc,medical equipment/supplies
Avrasya Gayrimenkul Yatirim Ortakligi A.S. ,avgyo.e,turkey,xist,closed-end funds
Avricore Health Inc. ,avcrf,united states,ootc,pharmaceuticals
Avricore Health Inc. ,avcr,canada,xtsx,pharmaceuticals
AVRO India Ltd. ,avroind,india,xnse,home goods retail
AVROBIO Inc. ,avro,united states,xnas,biotechnology
Avrot Industries Ltd. ,avrt,israel,xtae,iron/steel
Avrupa Minerals Ltd. ,avu,canada,xtsx,general mining
Avrupa Minerals Ltd. ,avpmf,united states,ootc,general mining
Avrupa Yatirim Holding A.S. ,avhol.e,turkey,xist,building materials/products
AVSL Industries Ltd. ,avsl,india,xnse,wholesalers
AVT Natural Products Ltd. ,519105,india,xbom,food products
AVTECH Sweden AB Series B ,avt.b,sweden,xsto,aerospace products/parts
AVVAA World Health Care Products Inc. ,avvh,united states,ootc,pharmaceuticals
Awa Bank Ltd. ,8388,japan,xtks,banking
AWA Paper & Technological Co. Inc. ,3896,japan,xtks,paper/pulp
Awakn Life Sciences Corp. ,awknf,united states,ootc,biotechnology
Awale Resources Ltd. ,aric,canada,xtsx,gold
Awanbiru Technology Bhd ,5204,malaysia,xkls,computer services
Awardit AB ,awrd,sweden,xsto,advertising/marketing/public relations
